title,author,url
Viva Mallorca! : One Mallorcan Autumn :,Peter Kerr,www.abebooks.com/servlet/BookDetailsPL?bi=30614863676&cm_sp=collections-_-ZA0kTcGf1mVpCnvJ53sTa_item_1_1-_-bdp
In Xanadu - A Quest :,William Dalrymple,www.abebooks.com/servlet/BookDetailsPL?bi=30715041999&cm_sp=collections-_-ZA0kTcGf1mVpCnvJ53sTa_item_1_2-_-bdp
New Europe :,Michael Palin ; ( Photographer ) Basil Pao,www.abebooks.com/servlet/BookDetailsPL?bi=17258447608&cm_sp=collections-_-ZA0kTcGf1mVpCnvJ53sTa_item_1_3-_-bdp
Travel Writing :,Geoff Barton ( Editor ),www.abebooks.com/servlet/BookDetailsPL?bi=30526894099&cm_sp=collections-_-ZA0kTcGf1mVpCnvJ53sTa_item_1_4-_-bdp
Bloom : Navigating Life And Style :,Estée Lalonde,www.abebooks.com/servlet/BookDetailsPL?bi=30711906048&cm_sp=collections-_-ZA0kTcGf1mVpCnvJ53sTa_item_1_5-_-bdp
Indulgence : One Man's Selfless Search For The Best Chocolate :,Paul Richardson,www.abebooks.com/servlet/BookDetailsPL?bi=30725905893&cm_sp=collections-_-ZA0kTcGf1mVpCnvJ53sTa_item_1_6-_-bdp
Barcelona :,Robert Hughes,www.abebooks.com/servlet/BookDetailsPL?bi=18881856464&cm_sp=collections-_-ZA0kTcGf1mVpCnvJ53sTa_item_1_7-_-bdp
"Four Seasons In Three Countries : A Year's Journey Through England, Scotland And Wales :",Edward Storey,www.abebooks.com/servlet/BookDetailsPL?bi=30829394186&cm_sp=collections-_-ZA0kTcGf1mVpCnvJ53sTa_item_1_8-_-bdp
The Solitary Landscape :,Edward Storey ; ( Illustrator ) John Hutton,www.abebooks.com/servlet/BookDetailsPL?bi=30829422928&cm_sp=collections-_-ZA0kTcGf1mVpCnvJ53sTa_item_1_9-_-bdp
Peterborough : A Miscellany : Part Of Did You Know Series :,Julia Skinner & Robert Cook ( Editors ),www.abebooks.com/servlet/BookDetailsPL?bi=30771167519&cm_sp=collections-_-ZA0kTcGf1mVpCnvJ53sTa_item_1_10-_-bdp
Rivers : A Voyage Into The Heart Of Britain :,Griff Rhys Jones,www.abebooks.com/servlet/BookDetailsPL?bi=30736920841&cm_sp=collections-_-ZA0kTcGf1mVpCnvJ53sTa_item_1_11-_-bdp
North Norfolk Images :,Trevor Heaton,www.abebooks.com/servlet/BookDetailsPL?bi=16378429767&cm_sp=collections-_-ZA0kTcGf1mVpCnvJ53sTa_item_1_12-_-bdp
Call It A Summer Country :,Edward Storey ; ( Photographer ) John Baguley,www.abebooks.com/servlet/BookDetailsPL?bi=30829361471&cm_sp=collections-_-ZA0kTcGf1mVpCnvJ53sTa_item_1_13-_-bdp
DD100 Work book 2,"Goldblatt, David",www.abebooks.com/servlet/BookDetailsPL?bi=5629016022&cm_sp=collections-_-19x3bKXV0jh6ISXEPDloW7_item_1_1-_-bdp
"Presence: Exploring Profound Change in People, Organizations and Society of Senge, Peter M., Jawo...",Various,www.abebooks.com/servlet/BookDetailsPL?bi=32279172543&cm_sp=collections-_-19x3bKXV0jh6ISXEPDloW7_item_1_2-_-bdp
Why We Lie: The Source of our Disasters,"Rowe, Dorothy",www.abebooks.com/servlet/BookDetailsPL?bi=30710735849&cm_sp=collections-_-19x3bKXV0jh6ISXEPDloW7_item_1_3-_-bdp
Feminism And Cultural Studies (Oxford Readings In Feminism),"Shiach, Morag",www.abebooks.com/servlet/BookDetailsPL?bi=31829978357&cm_sp=collections-_-19x3bKXV0jh6ISXEPDloW7_item_1_4-_-bdp
Evil and the Demonic: A New Theory of Monstrous Behavior,"Oppenheimer, Paul",www.abebooks.com/servlet/BookDetailsPL?bi=31535264173&cm_sp=collections-_-19x3bKXV0jh6ISXEPDloW7_item_1_5-_-bdp
In Search of the Woman Warrior: Role Models for Modern Women,"Lane, Wurts and Bradley, Richard J, Jay and Marion Zimmer",www.abebooks.com/servlet/BookDetailsPL?bi=22844387241&cm_sp=collections-_-19x3bKXV0jh6ISXEPDloW7_item_1_6-_-bdp
John Stuart Mill: A Logical Critique of Sociology (The making of sociology series),"Fletcher, Ronald",www.abebooks.com/servlet/BookDetailsPL?bi=22554574491&cm_sp=collections-_-19x3bKXV0jh6ISXEPDloW7_item_1_7-_-bdp
Down And out: Orwell's Paris And London Revisited,"Craig, Sandy",www.abebooks.com/servlet/BookDetailsPL?bi=32375389404&cm_sp=collections-_-19x3bKXV0jh6ISXEPDloW7_item_1_8-_-bdp
The Burn Journals,"Runyon, Brent",www.abebooks.com/servlet/BookDetailsPL?bi=32152381989&cm_sp=collections-_-37eTzGwcDIuSLq9Xx8NzhZ_item_1_1-_-bdp
Claiming Your Place at the Fire: Living the Second Half of Your Life on Purpose,Richard J. Leider; David A. Shapiro,www.abebooks.com/servlet/BookDetailsPL?bi=31766364618&cm_sp=collections-_-37eTzGwcDIuSLq9Xx8NzhZ_item_1_2-_-bdp
E-Squared: Nine Do-It-Yourself Energy Experiments That Prove Your Thoughts Create Your Reality,"Grout, Pam",www.abebooks.com/servlet/BookDetailsPL?bi=31861215889&cm_sp=collections-_-37eTzGwcDIuSLq9Xx8NzhZ_item_1_3-_-bdp
The Ways We Choose: Lessons for Life from a POW's Experience,Dave Carey,www.abebooks.com/servlet/BookDetailsPL?bi=31861223197&cm_sp=collections-_-37eTzGwcDIuSLq9Xx8NzhZ_item_1_4-_-bdp
A Season of Grief: A Comforting Companion for Difficult Days,"Dawson, Ann",www.abebooks.com/servlet/BookDetailsPL?bi=31884553943&cm_sp=collections-_-37eTzGwcDIuSLq9Xx8NzhZ_item_1_5-_-bdp
A Short History of Early American Microscopes - INSCRIBED,"Padgitt, Donald L.",www.abebooks.com/servlet/BookDetailsPL?bi=19969148719&cm_sp=collections-_-1b3lLNR658bBtnq5uea8kR_item_1_1-_-bdp
Rittenhouse Vol. 7 No. 3 (Issue 27): Journal of the American Scientific Instrument Enterprise May...,"Warner, Deborah Jean; Marjorie Berry; Steven Turner; Thom...",www.abebooks.com/servlet/BookDetailsPL?bi=19255281591&cm_sp=collections-_-1b3lLNR658bBtnq5uea8kR_item_1_2-_-bdp
Rittenhouse : Journal of the American Scientific Instrument Enterprise [68 of 70 issues],"Warner, Deborah Jean; Randall C. Brooks; M. Eugene Rudd; ...",www.abebooks.com/servlet/BookDetailsPL?bi=31964770094&cm_sp=collections-_-1b3lLNR658bBtnq5uea8kR_item_1_3-_-bdp
"Journal of the Zeiss Historica Society, Volume 31, Number 1, Spring 2010","Scott, John T. (editor)",www.abebooks.com/servlet/BookDetailsPL?bi=30046919800&cm_sp=collections-_-1b3lLNR658bBtnq5uea8kR_item_1_4-_-bdp
Rittenhouse Vol. 5 No. 3 (Issue 19): Journal of the American Scientific Instrument Enterprise May...,"Baird, Davis; Deborah Jean Warner (contributors); Deborah...",www.abebooks.com/servlet/BookDetailsPL?bi=19255281585&cm_sp=collections-_-1b3lLNR658bBtnq5uea8kR_item_1_5-_-bdp
Rittenhouse Vol. 8 No. 2 (Issue 30): Journal of the American Scientific Instrument Enterprise Feb...,"Giordano, Raymond V.; Deborah Jean Warner; Steven Turner ...",www.abebooks.com/servlet/BookDetailsPL?bi=19255281572&cm_sp=collections-_-1b3lLNR658bBtnq5uea8kR_item_1_6-_-bdp
Rittenhouse Vol. 6 No. 2 (Issue 22): Journal of the American Scientific Instrument Enterprise Feb...,"Forman, Bruce R.; Joel Hodson; Dale R. Beeks; Budd J. LaR...",www.abebooks.com/servlet/BookDetailsPL?bi=19255281569&cm_sp=collections-_-1b3lLNR658bBtnq5uea8kR_item_1_7-_-bdp
Bibliotheca Mechanica [ A Bibliography of the History of Mechanics ],"Roberts, Verne L. ; Trent, Ivy",www.abebooks.com/servlet/BookDetailsPL?bi=12926073826&cm_sp=collections-_-1b3lLNR658bBtnq5uea8kR_item_1_8-_-bdp
"Problems in Theory and Technique of Antennas, Part 1","Appel, R.; Schlicke, H.; Rindfleisch, H.; others",www.abebooks.com/servlet/BookDetailsPL?bi=30249493720&cm_sp=collections-_-1b3lLNR658bBtnq5uea8kR_item_1_9-_-bdp
Rittenhouse Vol. 4 No. 1 (Issue 13): Journal of the American Scientific Instrument Enterprise Nov...,"Kidwell, Peggy A (Aldrich); Paul L. Ferraglio; Dale R. Be...",www.abebooks.com/servlet/BookDetailsPL?bi=19255281596&cm_sp=collections-_-1b3lLNR658bBtnq5uea8kR_item_1_10-_-bdp
Edisonia : A Brief History of the Early Edison Lighting System,[ Committee on St. Louis Exposition of the Association of...,www.abebooks.com/servlet/BookDetailsPL?bi=30402824828&cm_sp=collections-_-1b3lLNR658bBtnq5uea8kR_item_1_11-_-bdp
"Journal of the Zeiss Historica Society, complete run from Volume 3, No 1 Spring 1981 through Volu...","Gubas, Lawrence, and many others",www.abebooks.com/servlet/BookDetailsPL?bi=30046919803&cm_sp=collections-_-1b3lLNR658bBtnq5uea8kR_item_1_12-_-bdp
Rittenhouse Vol. 10 No. 4 (Issue 40): Journal of the American Scientific Instrument Enterprise Au...,"Genuth, Sara Schechner; Deborah Jean Warner (contributors...",www.abebooks.com/servlet/BookDetailsPL?bi=19255281570&cm_sp=collections-_-1b3lLNR658bBtnq5uea8kR_item_1_13-_-bdp
"Carl Zeiss, Jena Optische Werkstaette Photographic Lenses Hand Cameras 1905",[ Zeiss Historica Society ],www.abebooks.com/servlet/BookDetailsPL?bi=31605956062&cm_sp=collections-_-1b3lLNR658bBtnq5uea8kR_item_1_14-_-bdp
Rittenhouse Vol. 10 No. 2 (Issue 38): Journal of the American Scientific Instrument Enterprise Fe...,"Devorkin, David; Brandon Shackelford; Randall C. Brooks; ...",www.abebooks.com/servlet/BookDetailsPL?bi=19255281597&cm_sp=collections-_-1b3lLNR658bBtnq5uea8kR_item_1_15-_-bdp
"Rittenhouse Vol. 12 No. 1 (Issue 45), January 1998 : Journal of the American Scientific Instrumen...","Warner, Deborah Jean; Miller, Robert C. ; Greenslade, Tho...",www.abebooks.com/servlet/BookDetailsPL?bi=18466394269&cm_sp=collections-_-1b3lLNR658bBtnq5uea8kR_item_1_16-_-bdp
Rittenhouse Vol. 8 No. 1 (Issue 29): Journal of the American Scientific Instrument Enterprise Nov...,"Warner, Deborah Jean; Raymond V. Giordano; Steven Turner ...",www.abebooks.com/servlet/BookDetailsPL?bi=19255281578&cm_sp=collections-_-1b3lLNR658bBtnq5uea8kR_item_1_17-_-bdp
Wood Systems. Bulletin No.1102 (supercedes No 1088). List of Plants Operating Direct-Current Dire...,[ Fort Wayne Electric Works ],www.abebooks.com/servlet/BookDetailsPL?bi=30113455422&cm_sp=collections-_-1b3lLNR658bBtnq5uea8kR_item_1_18-_-bdp
"Rittenhouse Vol. 12 No. 4 (Issue 48), October 1998 : Journal of the American Scientific Instrumen...","Sherman, Roger ; Senne, Joseph H. ; Kidwell, Peggy A. ; G...",www.abebooks.com/servlet/BookDetailsPL?bi=18466394280&cm_sp=collections-_-1b3lLNR658bBtnq5uea8kR_item_1_19-_-bdp
"Journal of the Zeiss Historica Society, Volume 30, Number 1, Spring 2009","Scott, John T. (editor)",www.abebooks.com/servlet/BookDetailsPL?bi=30046919801&cm_sp=collections-_-1b3lLNR658bBtnq5uea8kR_item_1_20-_-bdp
"Journal of the Zeiss Historica Society, Volume 30, Number 1, Spring 2008","Scott, John T. (editor)",www.abebooks.com/servlet/BookDetailsPL?bi=30774747330&cm_sp=collections-_-1b3lLNR658bBtnq5uea8kR_item_1_21-_-bdp
A History of Photography with the Light Microscope,"Bracegirdle, Brian",www.abebooks.com/servlet/BookDetailsPL?bi=32225514253&cm_sp=collections-_-1b3lLNR658bBtnq5uea8kR_item_1_22-_-bdp
"Study, Measure, Experiment: Stories of Scientific Instruments at Dartmouth College","Pantalony, David;Manasek, Francis J.;Kremer, Richard L.",www.abebooks.com/servlet/BookDetailsPL?bi=30616013916&cm_sp=collections-_-1b3lLNR658bBtnq5uea8kR_item_1_23-_-bdp
"Journal of the Zeiss Historica Society, Volume 37, Number 1, Spring 2015","Scott, John T. (editor)",www.abebooks.com/servlet/BookDetailsPL?bi=30619487705&cm_sp=collections-_-1b3lLNR658bBtnq5uea8kR_item_1_24-_-bdp
Practical Candleburning Rituals: Spells and Rituals for Every Purpose (Llewellyn's Practical Magi...,Raymond Buckland,www.abebooks.com/servlet/BookDetailsPL?bi=31758006524&cm_sp=collections-_-6jzYs2AhdTM0JGx4dKL8L0_item_1_1-_-bdp
Cunningham's Encyclopedia of Magical Herbs [2020 Reprint],Scott Cunningham,www.abebooks.com/servlet/BookDetailsPL?bi=32290951623&cm_sp=collections-_-6jzYs2AhdTM0JGx4dKL8L0_item_1_2-_-bdp
Cunningham's Magical Sampler: Collected Writings and Spells,"Scott Cunningham, David Harrington, Marilee Bigelow, Greg...",www.abebooks.com/servlet/BookDetailsPL?bi=32363152097&cm_sp=collections-_-6jzYs2AhdTM0JGx4dKL8L0_item_1_3-_-bdp
"Mabon: Rituals, Recipes, and Lore for the Autumn Equinox (Llewellyn's Sabbat Essentials)","Llewellyn, Diana Rajchel",www.abebooks.com/servlet/BookDetailsPL?bi=31693735212&cm_sp=collections-_-6jzYs2AhdTM0JGx4dKL8L0_item_1_4-_-bdp
"The Complete Book of Incense, Oils & Brews",Scott Cunningham,www.abebooks.com/servlet/BookDetailsPL?bi=32383318529&cm_sp=collections-_-6jzYs2AhdTM0JGx4dKL8L0_item_1_5-_-bdp
Magical Herbalism: The Secret Craft of the Wise (Llewellyn's Practical Magick Series),Scott Cunningham,www.abebooks.com/servlet/BookDetailsPL?bi=32311801562&cm_sp=collections-_-6jzYs2AhdTM0JGx4dKL8L0_item_1_6-_-bdp
"Yule: Rituals, Recipes & Lore for the Winter Solstice (Llewellyn's Sabbat Essentials)","Llewellyn, Susan Pesznecker",www.abebooks.com/servlet/BookDetailsPL?bi=32374974462&cm_sp=collections-_-6jzYs2AhdTM0JGx4dKL8L0_item_1_7-_-bdp
"Yule: Rituals, Recipes & Lore for the Winter Solstice (Llewellyn's Sabbat Essentials)","Llewellyn, Susan Pesznecker",www.abebooks.com/servlet/BookDetailsPL?bi=32369999869&cm_sp=collections-_-6jzYs2AhdTM0JGx4dKL8L0_item_1_8-_-bdp
The Old Magic of Christmas: Yuletide Traditions for the Darkest Days of the Year,Linda Raedisch,www.abebooks.com/servlet/BookDetailsPL?bi=32373134659&cm_sp=collections-_-6jzYs2AhdTM0JGx4dKL8L0_item_1_9-_-bdp
Spell Crafts: Creating Magical Objects,"Scott Cunningham, David Harrington",www.abebooks.com/servlet/BookDetailsPL?bi=32311790053&cm_sp=collections-_-6jzYs2AhdTM0JGx4dKL8L0_item_1_10-_-bdp
Cunningham's Encyclopedia of Wicca in the Kitchen,Scott Cunningham,www.abebooks.com/servlet/BookDetailsPL?bi=32382177754&cm_sp=collections-_-6jzYs2AhdTM0JGx4dKL8L0_item_1_11-_-bdp
"Lughnasadh: Rituals, Recipes, and Lore for Lammas (Llewellyn's Sabbat Essentials)","Llewellyn, Melanie Marquis",www.abebooks.com/servlet/BookDetailsPL?bi=31884592354&cm_sp=collections-_-6jzYs2AhdTM0JGx4dKL8L0_item_1_12-_-bdp
"Samhain: Rituals, Recipes & Lore for Halloween (Llewellyn's Sabbat Essentials)","Llewellyn, Diana Rajchel",www.abebooks.com/servlet/BookDetailsPL?bi=32272750734&cm_sp=collections-_-6jzYs2AhdTM0JGx4dKL8L0_item_1_13-_-bdp
"Beltane: Rituals, Recipes & Lore for May Day (Llewellyn's Sabbat Essentials)","Llewellyn, Melanie Marquis",www.abebooks.com/servlet/BookDetailsPL?bi=32379659368&cm_sp=collections-_-6jzYs2AhdTM0JGx4dKL8L0_item_1_14-_-bdp
"Ostara: Rituals, Recipes & Lore for the Spring Equinox (Llewellyn's Sabbat Essentials)","Kerri Connor,Llewellyn",www.abebooks.com/servlet/BookDetailsPL?bi=31796618040&cm_sp=collections-_-6jzYs2AhdTM0JGx4dKL8L0_item_1_15-_-bdp
"Lughnasadh: Rituals, Recipes, and Lore for Lammas (Llewellyn's Sabbat Essentials)","Llewellyn, Melanie Marquis",www.abebooks.com/servlet/BookDetailsPL?bi=31937136602&cm_sp=collections-_-6jzYs2AhdTM0JGx4dKL8L0_item_1_16-_-bdp
"Midsummer: Rituals, Recipes, and Lore for Litha (Llewellyn's Sabbat Essentials)","Llewellyn, Deborah Blake",www.abebooks.com/servlet/BookDetailsPL?bi=32200496103&cm_sp=collections-_-6jzYs2AhdTM0JGx4dKL8L0_item_1_17-_-bdp
Practical Candleburning Rituals: Spells and Rituals for Every Purpose (Llewellyn's Practical Magi...,Raymond Buckland,www.abebooks.com/servlet/BookDetailsPL?bi=32318090984&cm_sp=collections-_-6jzYs2AhdTM0JGx4dKL8L0_item_1_18-_-bdp
Witch's Guide to Faery Folk (Llewellyn's New Age Series),Edain McCoy,www.abebooks.com/servlet/BookDetailsPL?bi=31679830007&cm_sp=collections-_-6jzYs2AhdTM0JGx4dKL8L0_item_1_19-_-bdp
Wisdom of Hypatia: Ancient Spiritual Practices for a More Meaningful Life,Bruce J MacLennan,www.abebooks.com/servlet/BookDetailsPL?bi=32374133356&cm_sp=collections-_-6jzYs2AhdTM0JGx4dKL8L0_item_1_20-_-bdp
Llewellyn's Witches' Companion: An Almanac for Contemporary Living (2015),Llewellyn,www.abebooks.com/servlet/BookDetailsPL?bi=32323547747&cm_sp=collections-_-6jzYs2AhdTM0JGx4dKL8L0_item_1_21-_-bdp
World of Wizards: Modern Magical Tools and Ancient Traditions,"Anton Adams,Mina Adams",www.abebooks.com/servlet/BookDetailsPL?bi=32207054982&cm_sp=collections-_-6jzYs2AhdTM0JGx4dKL8L0_item_1_22-_-bdp
Llewellyn's 2016 Witches' Companion: An Almanac for Contemporary Living,"Tess Whitehurst,Llewellyn,James Kambos,Barbara Ardinger,B...",www.abebooks.com/servlet/BookDetailsPL?bi=32323545789&cm_sp=collections-_-6jzYs2AhdTM0JGx4dKL8L0_item_1_23-_-bdp
Llewellyn's Witches' Companion: An Almanac for Everyday Living (2014),Llewellyn,www.abebooks.com/servlet/BookDetailsPL?bi=32323542067&cm_sp=collections-_-6jzYs2AhdTM0JGx4dKL8L0_item_1_24-_-bdp
Little Book of Money Spells,Sophia,www.abebooks.com/servlet/BookDetailsPL?bi=31456634984&cm_sp=collections-_-6jzYs2AhdTM0JGx4dKL8L0_item_1_25-_-bdp
Norse Magic,D.J. Conway,www.abebooks.com/servlet/BookDetailsPL?bi=32395570224&cm_sp=collections-_-6jzYs2AhdTM0JGx4dKL8L0_item_1_26-_-bdp
Manuel de Paléographie Latine et Française du VIe au XVIIe siecle suivi d'un dictionnaire des abr...,Maurice Prou,www.abebooks.com/servlet/BookDetailsPL?bi=31815624913&cm_sp=collections-_-6eMQLoXlUy3fx2EJrrI92h_item_1_1-_-bdp
Cours Elementaire de Physique : Quatrieme edition (1901) revue et modifiee avec 473 figures dans ...,E. Fernet,www.abebooks.com/servlet/BookDetailsPL?bi=31543456023&cm_sp=collections-_-6eMQLoXlUy3fx2EJrrI92h_item_1_2-_-bdp
Hydraulics of Culverts,"Hendrickson Jr., John G.",www.abebooks.com/servlet/BookDetailsPL?bi=31540306571&cm_sp=collections-_-6eMQLoXlUy3fx2EJrrI92h_item_1_3-_-bdp
Hydraulic Handbook : Fundamental Hydraulics and Data useful in the solution of pump application p...,"Fairbanks, Morse & Co.",www.abebooks.com/servlet/BookDetailsPL?bi=31540303541&cm_sp=collections-_-6eMQLoXlUy3fx2EJrrI92h_item_1_4-_-bdp
Les machines transformatrices d'energie [ 2 volume set ] : Tome 1 Resistances passives thermodyna...,G. Lemasson,www.abebooks.com/servlet/BookDetailsPL?bi=32349924695&cm_sp=collections-_-6eMQLoXlUy3fx2EJrrI92h_item_1_5-_-bdp
"American Highway Practice, Volume II","Hewes, Laurence",www.abebooks.com/servlet/BookDetailsPL?bi=31540308405&cm_sp=collections-_-6eMQLoXlUy3fx2EJrrI92h_item_1_6-_-bdp
"Irrigation Practice and Engineering, Volume II: Conveyance of Water. General Considerations and F...",B.A. Etcheverry,www.abebooks.com/servlet/BookDetailsPL?bi=31540311991&cm_sp=collections-_-6eMQLoXlUy3fx2EJrrI92h_item_1_7-_-bdp
"Catalogue Antonios Z. De Jean Paul Veyssiere - Livres Anciens : Beaux Arts, Litterature du XVIe a...",Jean Paul Veyssiere,www.abebooks.com/servlet/BookDetailsPL?bi=32164058288&cm_sp=collections-_-6eMQLoXlUy3fx2EJrrI92h_item_1_8-_-bdp
Structural Design,"Sutherland, Hale and Harry Lake Bowman",www.abebooks.com/servlet/BookDetailsPL?bi=31540308404&cm_sp=collections-_-6eMQLoXlUy3fx2EJrrI92h_item_1_9-_-bdp
Sewerage and Sewage Treatment,"Babbitt, Harold",www.abebooks.com/servlet/BookDetailsPL?bi=31540306570&cm_sp=collections-_-6eMQLoXlUy3fx2EJrrI92h_item_1_10-_-bdp
Arithmetique du Brevet elementaire avec complements pour le Brevet superieur,A. Marijon et A. Pequignot,www.abebooks.com/servlet/BookDetailsPL?bi=31540313462&cm_sp=collections-_-6eMQLoXlUy3fx2EJrrI92h_item_1_11-_-bdp
Hydraulics,"Russell, George",www.abebooks.com/servlet/BookDetailsPL?bi=31540300726&cm_sp=collections-_-6eMQLoXlUy3fx2EJrrI92h_item_1_12-_-bdp
An Introduction to the Calculus based on Graphical Methods,George A. Gibson,www.abebooks.com/servlet/BookDetailsPL?bi=32323274933&cm_sp=collections-_-6eMQLoXlUy3fx2EJrrI92h_item_1_13-_-bdp
Design Manual for High Strength Steels,"Priest, H. Malcolm and John A. Gilligan",www.abebooks.com/servlet/BookDetailsPL?bi=31543451129&cm_sp=collections-_-6eMQLoXlUy3fx2EJrrI92h_item_1_14-_-bdp
"Public Water Supplies : Requirements, Resources, and the Construction of Works","Turneaure, F.E. and H.L. Russell",www.abebooks.com/servlet/BookDetailsPL?bi=31544744961&cm_sp=collections-_-6eMQLoXlUy3fx2EJrrI92h_item_1_15-_-bdp
"Pump Engineering Data, 1955",Economy Pumps,www.abebooks.com/servlet/BookDetailsPL?bi=31540306569&cm_sp=collections-_-6eMQLoXlUy3fx2EJrrI92h_item_1_16-_-bdp
Electric Light Wiring,"Knox, C. E.",www.abebooks.com/servlet/BookDetailsPL?bi=31540310087&cm_sp=collections-_-6eMQLoXlUy3fx2EJrrI92h_item_1_17-_-bdp
Bibliothèque du doctorat en médecine (troisieme examen) : précis de pathologie interne - maladie ...,"Loeper, Paisseau, Josue, Paillard",www.abebooks.com/servlet/BookDetailsPL?bi=31923949727&cm_sp=collections-_-6eMQLoXlUy3fx2EJrrI92h_item_1_18-_-bdp
Surveyors' Field-Note Forms,"Bardsley, Clarence and Ernest Carlton",www.abebooks.com/servlet/BookDetailsPL?bi=31540308395&cm_sp=collections-_-6eMQLoXlUy3fx2EJrrI92h_item_1_19-_-bdp
Formulaire Usuel et Complet de Procédure Civile et Commerciale Comprenant Tous les Actes Judiciai...,F. Jeannin,www.abebooks.com/servlet/BookDetailsPL?bi=31840683287&cm_sp=collections-_-6eMQLoXlUy3fx2EJrrI92h_item_1_20-_-bdp
"Traité-formulaire de procédure pratique en matière civile, commerciale, criminelle, administrativ...",Isaure-Toulouse,www.abebooks.com/servlet/BookDetailsPL?bi=31923952706&cm_sp=collections-_-6eMQLoXlUy3fx2EJrrI92h_item_1_21-_-bdp
Lamson Blue Book No. 41 (1940),"Lamson & Sessions Co. (Cleveland, Ohio)",www.abebooks.com/servlet/BookDetailsPL?bi=31540308674&cm_sp=collections-_-6eMQLoXlUy3fx2EJrrI92h_item_1_22-_-bdp
Properties of Engineering Materials,"Murphy, Glenn",www.abebooks.com/servlet/BookDetailsPL?bi=31540299701&cm_sp=collections-_-6eMQLoXlUy3fx2EJrrI92h_item_1_23-_-bdp
"Costanoan : Mission San Jose High School (Fremont, California), Class of 1970","Yearbook Staff, Mission San Jose High School, Class of 1970",www.abebooks.com/servlet/BookDetailsPL?bi=31540300708&cm_sp=collections-_-6eMQLoXlUy3fx2EJrrI92h_item_1_24-_-bdp
Surveying Theory and Practice,Raymond E. Davis and Francis S. Foote,www.abebooks.com/servlet/BookDetailsPL?bi=31547654033&cm_sp=collections-_-6eMQLoXlUy3fx2EJrrI92h_item_1_25-_-bdp
How To Be An Effective Teacher : The First Days Of School,Harry K. Wong; Rosemary T. Wong,www.abebooks.com/servlet/BookDetailsPL?bi=31544208788&cm_sp=collections-_-6eMQLoXlUy3fx2EJrrI92h_item_1_26-_-bdp
Géographie de la France et de ses colonies (cours moyen) - Nouvelle édition,E. Levasseur,www.abebooks.com/servlet/BookDetailsPL?bi=32065900406&cm_sp=collections-_-6eMQLoXlUy3fx2EJrrI92h_item_1_27-_-bdp
"Trojan 1956 : Yearbook of Troy High School (Troy, Montana)",Larry Perry and other members of the Yearbook Staff,www.abebooks.com/servlet/BookDetailsPL?bi=31540317155&cm_sp=collections-_-6eMQLoXlUy3fx2EJrrI92h_item_1_28-_-bdp
Histoire de France Illustree,Jacques Beauregard,www.abebooks.com/servlet/BookDetailsPL?bi=31692079297&cm_sp=collections-_-6eMQLoXlUy3fx2EJrrI92h_item_1_29-_-bdp
Le lycée Descartes histoire d'un établissement d'enseignement à Tours (1807-2007) Edition du bice...,Michel Laurencin,www.abebooks.com/servlet/BookDetailsPL?bi=31755200595&cm_sp=collections-_-6eMQLoXlUy3fx2EJrrI92h_item_1_30-_-bdp
Guide to the Sources of Medieval History,"Van Caenegem, R. C.",www.abebooks.com/servlet/BookDetailsPL?bi=31540299698&cm_sp=collections-_-6eMQLoXlUy3fx2EJrrI92h_item_1_31-_-bdp
Elements of Style (with Index),"William Strunk, Jr.; E. B. White",www.abebooks.com/servlet/BookDetailsPL?bi=31543452147&cm_sp=collections-_-6eMQLoXlUy3fx2EJrrI92h_item_1_32-_-bdp
Dictionary Of Yiddish Slang & Idioms,"Kogos, Fred",www.abebooks.com/servlet/BookDetailsPL?bi=31543446557&cm_sp=collections-_-6eMQLoXlUy3fx2EJrrI92h_item_1_33-_-bdp
Cultural Literacy: What Every American Needs to Know,"Hirsch, E.D.;Kett, Joseph F.;Trefil, James S.",www.abebooks.com/servlet/BookDetailsPL?bi=31543455948&cm_sp=collections-_-6eMQLoXlUy3fx2EJrrI92h_item_1_34-_-bdp
Manual in the Testing of Materials,"Tucker, Harry",www.abebooks.com/servlet/BookDetailsPL?bi=31540306559&cm_sp=collections-_-6eMQLoXlUy3fx2EJrrI92h_item_1_35-_-bdp
Les incroyables pouvoirs de l'argile qui guerit - 2019 edition revue et augmentee par Pascal Labbe,Raymond Dextreit,www.abebooks.com/servlet/BookDetailsPL?bi=32403986262&cm_sp=collections-_-6eMQLoXlUy3fx2EJrrI92h_item_1_36-_-bdp
Le guide de la VAE Auxiliaire de puériculture,"Bouchaillou, Béatrice; Saget, Muriel",www.abebooks.com/servlet/BookDetailsPL?bi=32403995322&cm_sp=collections-_-6eMQLoXlUy3fx2EJrrI92h_item_1_37-_-bdp
"Spicilegium turonense. Catalogue de livres [no.15] variés écrits par des hommes célèbres nés, mor...",Librairie Dechaud,www.abebooks.com/servlet/BookDetailsPL?bi=32110988292&cm_sp=collections-_-6eMQLoXlUy3fx2EJrrI92h_item_1_38-_-bdp
"Histoire Géographie Histoire Des Arts, Cm1 Cycle 3",Chapier-Legal Geneviève,www.abebooks.com/servlet/BookDetailsPL?bi=31815615498&cm_sp=collections-_-6eMQLoXlUy3fx2EJrrI92h_item_1_39-_-bdp
Reinforced Concrete Design Handbook,Committee 317,www.abebooks.com/servlet/BookDetailsPL?bi=31547652085&cm_sp=collections-_-6eMQLoXlUy3fx2EJrrI92h_item_1_40-_-bdp
Best American Essays 2009,"Oliver, Mary; Atwan, Robert",www.abebooks.com/servlet/BookDetailsPL?bi=31542784770&cm_sp=collections-_-6eMQLoXlUy3fx2EJrrI92h_item_1_41-_-bdp
Conquering Carpal Tunnel Syndrome: And Other Repetitive Strain Injuries A Self-Care Program,"Butler, Sharon J.",www.abebooks.com/servlet/BookDetailsPL?bi=31543449408&cm_sp=collections-_-6eMQLoXlUy3fx2EJrrI92h_item_1_42-_-bdp
Transition Curves for Highways,"Barnett, Joseph",www.abebooks.com/servlet/BookDetailsPL?bi=31547649355&cm_sp=collections-_-6eMQLoXlUy3fx2EJrrI92h_item_1_43-_-bdp
How to Make a Telescope ( Second English Edition),Jean Texereau,www.abebooks.com/servlet/BookDetailsPL?bi=32378433453&cm_sp=collections-_-6eMQLoXlUy3fx2EJrrI92h_item_1_44-_-bdp
Dictionary of Symbols,"Cirlot, J.E.",www.abebooks.com/servlet/BookDetailsPL?bi=31543450233&cm_sp=collections-_-6eMQLoXlUy3fx2EJrrI92h_item_1_45-_-bdp
L'obsession Du Service Client - Les Secrets D'une Start-Up Qui A Tout Misé Sur L'expérience Client,"Lefèvre, Jonathan",www.abebooks.com/servlet/BookDetailsPL?bi=32090436792&cm_sp=collections-_-6eMQLoXlUy3fx2EJrrI92h_item_1_46-_-bdp
Thrust Generation by Charged Particle Neutral Gas Interaction,Edward Alfred Christenson,www.abebooks.com/servlet/BookDetailsPL?bi=31540308590&cm_sp=collections-_-6eMQLoXlUy3fx2EJrrI92h_item_1_47-_-bdp
"Old Farmer's Almanac, 2013",Old Farmer's Almanac,www.abebooks.com/servlet/BookDetailsPL?bi=31544741568&cm_sp=collections-_-6eMQLoXlUy3fx2EJrrI92h_item_1_48-_-bdp
Childhood and Society,Erik H. Erikson,www.abebooks.com/servlet/BookDetailsPL?bi=31543454045&cm_sp=collections-_-6eMQLoXlUy3fx2EJrrI92h_item_1_49-_-bdp
Reviving Ophelia: Saving the Selves of Adolescent Girls,"Pipher, Mary",www.abebooks.com/servlet/BookDetailsPL?bi=31547652083&cm_sp=collections-_-6eMQLoXlUy3fx2EJrrI92h_item_1_50-_-bdp
"Aeronautics: An Authoritative Work Dealing with the Theory and Practice of Flying, Vol.6, Issue 3...",,www.abebooks.com/servlet/BookDetailsPL?bi=31540315094&cm_sp=collections-_-6eMQLoXlUy3fx2EJrrI92h_item_1_51-_-bdp
Handbook of Drainage and Construction Products,,www.abebooks.com/servlet/BookDetailsPL?bi=31544218063&cm_sp=collections-_-6eMQLoXlUy3fx2EJrrI92h_item_1_52-_-bdp
"Canon, The: A Whirligig Tour of the Beautiful Basics of Science","Angier, Natalie",www.abebooks.com/servlet/BookDetailsPL?bi=31543455955&cm_sp=collections-_-6eMQLoXlUy3fx2EJrrI92h_item_1_53-_-bdp
French Pocket Dictionary: French-English/Anglais-Francais (Berlitz Pocket Dictionary),Berlitz Publishing,www.abebooks.com/servlet/BookDetailsPL?bi=31544211646&cm_sp=collections-_-6eMQLoXlUy3fx2EJrrI92h_item_1_54-_-bdp
Educated Child: A Parent's Guide from Preschool Through Eighth Grade,"Bennett, William J., Chester E. Finn, Jr., John T. E. Cri...",www.abebooks.com/servlet/BookDetailsPL?bi=31543451124&cm_sp=collections-_-6eMQLoXlUy3fx2EJrrI92h_item_1_55-_-bdp
"Conjugaison - 350 Exercices, 1 000 Verbes À Conjuguer","Bady, Greaves, Petetin",www.abebooks.com/servlet/BookDetailsPL?bi=31780737623&cm_sp=collections-_-6eMQLoXlUy3fx2EJrrI92h_item_1_56-_-bdp
Design as a Catalyst for Learning,"Davis, Meredith; Hawley, Peter; Spilka, Gertrude",www.abebooks.com/servlet/BookDetailsPL?bi=31543448445&cm_sp=collections-_-6eMQLoXlUy3fx2EJrrI92h_item_1_57-_-bdp
Dictionary of 501 French Verbs,"Kendris, Christopher",www.abebooks.com/servlet/BookDetailsPL?bi=31540318185&cm_sp=collections-_-6eMQLoXlUy3fx2EJrrI92h_item_1_58-_-bdp
America Revised: History Schoolbooks in the Twentieth Century,"Fitzgerald, Frances",www.abebooks.com/servlet/BookDetailsPL?bi=31542790445&cm_sp=collections-_-6eMQLoXlUy3fx2EJrrI92h_item_1_59-_-bdp
Innumeracy: Mathematical Illiteracy and Its Consequences,"Paulos, John Allen",www.abebooks.com/servlet/BookDetailsPL?bi=31540302721&cm_sp=collections-_-6eMQLoXlUy3fx2EJrrI92h_item_1_60-_-bdp
"Picturesque Palestine, Sinai and Egypt","Colonel Wilson, Illustrator Harry Fenn, Illustrator J.D. ...",www.abebooks.com/servlet/BookDetailsPL?bi=32218944415&cm_sp=collections-_-2IKWzfxmNFR4BiIVBU5eEQ_item_1_1-_-bdp
Rock Paintings of Aboriginal Australia,"Elaine Godden,Jutta Malnic",www.abebooks.com/servlet/BookDetailsPL?bi=31640253469&cm_sp=collections-_-2IKWzfxmNFR4BiIVBU5eEQ_item_1_2-_-bdp
"The Ghost Map: The Story of London's Most Terrifying Epidemic--and How It Changed Science, Cities...",Steven Johnson,www.abebooks.com/servlet/BookDetailsPL?bi=32409776155&cm_sp=collections-_-2IKWzfxmNFR4BiIVBU5eEQ_item_1_3-_-bdp
"King Leopold's Ghost: A Story of Greed, Terror, and Heroism in Colonial Africa",Adam Hochschild,www.abebooks.com/servlet/BookDetailsPL?bi=32007536002&cm_sp=collections-_-2IKWzfxmNFR4BiIVBU5eEQ_item_1_4-_-bdp
Napoleon: A Life,Andrew Roberts,www.abebooks.com/servlet/BookDetailsPL?bi=32357473454&cm_sp=collections-_-2IKWzfxmNFR4BiIVBU5eEQ_item_1_5-_-bdp
"Red Notice: A True Story of High Finance, Murder, and One Man's Fight for Justice",Bill Browder,www.abebooks.com/servlet/BookDetailsPL?bi=31640274070&cm_sp=collections-_-2IKWzfxmNFR4BiIVBU5eEQ_item_1_6-_-bdp
"Behind the Beautiful Forevers: Life, Death, and Hope in a Mumbai Undercity",Katherine Boo,www.abebooks.com/servlet/BookDetailsPL?bi=31640243875&cm_sp=collections-_-2IKWzfxmNFR4BiIVBU5eEQ_item_1_7-_-bdp
"Gulag Archipelago, 1918-1956: An Experiment in Literary Investigation",Aleksandr Isaevich Solzhenitsyn,www.abebooks.com/servlet/BookDetailsPL?bi=32264558388&cm_sp=collections-_-2IKWzfxmNFR4BiIVBU5eEQ_item_1_8-_-bdp
Long Way Gone: Memoirs of a Boy Soldier,Ishmael Beah,www.abebooks.com/servlet/BookDetailsPL?bi=32007537214&cm_sp=collections-_-2IKWzfxmNFR4BiIVBU5eEQ_item_1_9-_-bdp
Labyrinth,Tim Robinson,www.abebooks.com/servlet/BookDetailsPL?bi=32196254244&cm_sp=collections-_-2IKWzfxmNFR4BiIVBU5eEQ_item_1_10-_-bdp
The City of Falling Angels,John Berendt,www.abebooks.com/servlet/BookDetailsPL?bi=31640251985&cm_sp=collections-_-2IKWzfxmNFR4BiIVBU5eEQ_item_1_11-_-bdp
Left to Tell: Discovering God Amidst the Rwandan Holocaust,ImmaculÃ e Ilibagiza,www.abebooks.com/servlet/BookDetailsPL?bi=31939009464&cm_sp=collections-_-2IKWzfxmNFR4BiIVBU5eEQ_item_1_12-_-bdp
Peter the Great,Robert K Massie,www.abebooks.com/servlet/BookDetailsPL?bi=32009450145&cm_sp=collections-_-2IKWzfxmNFR4BiIVBU5eEQ_item_1_13-_-bdp
"The Sermons of Henry King (1592-1669), Bishop of Chichester",Henry King Bp.,www.abebooks.com/servlet/BookDetailsPL?bi=31640254517&cm_sp=collections-_-2IKWzfxmNFR4BiIVBU5eEQ_item_1_14-_-bdp
Robben Island and Prisoner Resistance to Apartheid,Fran Lisa Buntman,www.abebooks.com/servlet/BookDetailsPL?bi=31640266013&cm_sp=collections-_-2IKWzfxmNFR4BiIVBU5eEQ_item_1_15-_-bdp
The Return to Camelot: Chivalry and the English Gentleman,Mr. Mark Girouard,www.abebooks.com/servlet/BookDetailsPL?bi=31640256799&cm_sp=collections-_-2IKWzfxmNFR4BiIVBU5eEQ_item_1_16-_-bdp
Going to the Wars: The Experience of the British Civil Wars 1638-1651 (UK),Charles Carlton,www.abebooks.com/servlet/BookDetailsPL?bi=32274483586&cm_sp=collections-_-2IKWzfxmNFR4BiIVBU5eEQ_item_1_17-_-bdp
Churchill: A Biography,Roy Jenkins,www.abebooks.com/servlet/BookDetailsPL?bi=32377552256&cm_sp=collections-_-2IKWzfxmNFR4BiIVBU5eEQ_item_1_18-_-bdp
Faith and Treason,Antonia Fraser,www.abebooks.com/servlet/BookDetailsPL?bi=32197706082&cm_sp=collections-_-2IKWzfxmNFR4BiIVBU5eEQ_item_1_19-_-bdp
Toronto Remembered: A Celebration of the City,William Kilbourn,www.abebooks.com/servlet/BookDetailsPL?bi=31640254837&cm_sp=collections-_-2IKWzfxmNFR4BiIVBU5eEQ_item_1_20-_-bdp
"A History of Britain, Vol. 2: The Wars of the British, 1603-1776",Simon Schama,www.abebooks.com/servlet/BookDetailsPL?bi=31700220722&cm_sp=collections-_-2IKWzfxmNFR4BiIVBU5eEQ_item_1_21-_-bdp
Birthright: The True Story that Inspired,A. Roger Ekirch,www.abebooks.com/servlet/BookDetailsPL?bi=31640246733&cm_sp=collections-_-2IKWzfxmNFR4BiIVBU5eEQ_item_1_22-_-bdp
The Story of the Irish Race,Seumas MacManus,www.abebooks.com/servlet/BookDetailsPL?bi=32374185387&cm_sp=collections-_-2IKWzfxmNFR4BiIVBU5eEQ_item_1_23-_-bdp
Illustrated Pepys: Extracts from the Diary,Samuel Pepys,www.abebooks.com/servlet/BookDetailsPL?bi=32335541054&cm_sp=collections-_-2IKWzfxmNFR4BiIVBU5eEQ_item_1_24-_-bdp
Inevitable Revolutions: The United States in Central America,Walter LaFeber,www.abebooks.com/servlet/BookDetailsPL?bi=32250471254&cm_sp=collections-_-2IKWzfxmNFR4BiIVBU5eEQ_item_1_25-_-bdp
The Mummies of Urumchi,Elizabeth Wayland Barber,www.abebooks.com/servlet/BookDetailsPL?bi=31640270781&cm_sp=collections-_-2IKWzfxmNFR4BiIVBU5eEQ_item_1_26-_-bdp
Revolution at the Gates: Selected Writings of Lenin from 1917,"Vladimir Ilich Lenin,F I Lenin",www.abebooks.com/servlet/BookDetailsPL?bi=32158514003&cm_sp=collections-_-2IKWzfxmNFR4BiIVBU5eEQ_item_1_27-_-bdp
The Fishing Fleet: Husband-Hunting in the Raj,Anne de Courcy,www.abebooks.com/servlet/BookDetailsPL?bi=31640264196&cm_sp=collections-_-2IKWzfxmNFR4BiIVBU5eEQ_item_1_28-_-bdp
One Day in Ireland,"Bantam Doubleday Dell,Irish Cancer Society",www.abebooks.com/servlet/BookDetailsPL?bi=32352688098&cm_sp=collections-_-2IKWzfxmNFR4BiIVBU5eEQ_item_1_29-_-bdp
The Ghost Map.,Steven. Johnson,www.abebooks.com/servlet/BookDetailsPL?bi=32348040214&cm_sp=collections-_-2IKWzfxmNFR4BiIVBU5eEQ_item_1_30-_-bdp
Perestroika,Mikhail Gorbachev,www.abebooks.com/servlet/BookDetailsPL?bi=32253680585&cm_sp=collections-_-2IKWzfxmNFR4BiIVBU5eEQ_item_1_31-_-bdp
"Seize the Fire: Heroism, Duty, and the Battle of Trafalgar",Adam Nicolson,www.abebooks.com/servlet/BookDetailsPL?bi=31640249094&cm_sp=collections-_-2IKWzfxmNFR4BiIVBU5eEQ_item_1_32-_-bdp
"King and the Gentleman: Charles Stuart and Oliver Cromwell, 1599-1649 (Us)",Derek Wilson,www.abebooks.com/servlet/BookDetailsPL?bi=32274057251&cm_sp=collections-_-2IKWzfxmNFR4BiIVBU5eEQ_item_1_33-_-bdp
Celtic Women in Music,Mairead Sullivan,www.abebooks.com/servlet/BookDetailsPL?bi=32031828380&cm_sp=collections-_-2IKWzfxmNFR4BiIVBU5eEQ_item_1_34-_-bdp
The maharajahs,John Lord,www.abebooks.com/servlet/BookDetailsPL?bi=31995669421&cm_sp=collections-_-2IKWzfxmNFR4BiIVBU5eEQ_item_1_35-_-bdp
Black Londoners,Susan Okokon,www.abebooks.com/servlet/BookDetailsPL?bi=31685707917&cm_sp=collections-_-2IKWzfxmNFR4BiIVBU5eEQ_item_1_36-_-bdp
Hidden War: A Russian Journalist's Account of the Soviet War in Afghanistan,Artyom Borovik,www.abebooks.com/servlet/BookDetailsPL?bi=32208367099&cm_sp=collections-_-2IKWzfxmNFR4BiIVBU5eEQ_item_1_37-_-bdp
Timeless India,Ian Westwell,www.abebooks.com/servlet/BookDetailsPL?bi=32126669658&cm_sp=collections-_-2IKWzfxmNFR4BiIVBU5eEQ_item_1_38-_-bdp
London Under: The Secret History Beneath the Streets,Peter Ackroyd,www.abebooks.com/servlet/BookDetailsPL?bi=31640251639&cm_sp=collections-_-2IKWzfxmNFR4BiIVBU5eEQ_item_1_39-_-bdp
"The River Congo: The Discovery, Exploration and Exploitation of the World's Most Dramatic Rivers",Peter Forbath,www.abebooks.com/servlet/BookDetailsPL?bi=31640259508&cm_sp=collections-_-2IKWzfxmNFR4BiIVBU5eEQ_item_1_40-_-bdp
The Diligent: A Voyage Through the Worlds of the Slave Trade,Robert Harms,www.abebooks.com/servlet/BookDetailsPL?bi=31640243817&cm_sp=collections-_-2IKWzfxmNFR4BiIVBU5eEQ_item_1_41-_-bdp
Medici Aesop: Spencer MS 50 from the Spencer Collection of the New York Public Library,Aesop,www.abebooks.com/servlet/BookDetailsPL?bi=32243005043&cm_sp=collections-_-2IKWzfxmNFR4BiIVBU5eEQ_item_1_42-_-bdp
"Paris, Paris: Journey into the City of Light",David Downie,www.abebooks.com/servlet/BookDetailsPL?bi=32223265657&cm_sp=collections-_-2IKWzfxmNFR4BiIVBU5eEQ_item_1_43-_-bdp
Runes of the North,Sigurd F Olson,www.abebooks.com/servlet/BookDetailsPL?bi=32166059936&cm_sp=collections-_-2IKWzfxmNFR4BiIVBU5eEQ_item_1_44-_-bdp
Indian Style,Deldi Von Schaewen,www.abebooks.com/servlet/BookDetailsPL?bi=32135098142&cm_sp=collections-_-2IKWzfxmNFR4BiIVBU5eEQ_item_1_45-_-bdp
A Lifelong Passion: Nicholas and Alexandra: Their Own Story,"Sergei Mironenko,Andrei Maylunas",www.abebooks.com/servlet/BookDetailsPL?bi=31640250208&cm_sp=collections-_-2IKWzfxmNFR4BiIVBU5eEQ_item_1_46-_-bdp
Curse of The Narrows,Laura M. Mac Donald,www.abebooks.com/servlet/BookDetailsPL?bi=31640254922&cm_sp=collections-_-2IKWzfxmNFR4BiIVBU5eEQ_item_1_47-_-bdp
The Great Silence: Britain from the Shadow of the First World War to the Dawn of the Jazz Age,Juliet Nicolson,www.abebooks.com/servlet/BookDetailsPL?bi=31640249395&cm_sp=collections-_-2IKWzfxmNFR4BiIVBU5eEQ_item_1_48-_-bdp
The Life and Death of a Druid Prince: The Story of Lindow Man an Archaeological Sensation,"Anne Ross,Don Robins",www.abebooks.com/servlet/BookDetailsPL?bi=31640249956&cm_sp=collections-_-2IKWzfxmNFR4BiIVBU5eEQ_item_1_49-_-bdp
Famine Ships (American),Edward Laxton,www.abebooks.com/servlet/BookDetailsPL?bi=32344391209&cm_sp=collections-_-2IKWzfxmNFR4BiIVBU5eEQ_item_1_50-_-bdp
Venice: Lion City: The Religion of Empire,Garry Wills,www.abebooks.com/servlet/BookDetailsPL?bi=32263760529&cm_sp=collections-_-2IKWzfxmNFR4BiIVBU5eEQ_item_1_51-_-bdp
Experience of Defeat,Christopher Hill,www.abebooks.com/servlet/BookDetailsPL?bi=32274482551&cm_sp=collections-_-2IKWzfxmNFR4BiIVBU5eEQ_item_1_52-_-bdp
Setting the East Ablaze: Lenins Dream of an Empire in Asia,Peter Hopkirk,www.abebooks.com/servlet/BookDetailsPL?bi=32274482553&cm_sp=collections-_-2IKWzfxmNFR4BiIVBU5eEQ_item_1_53-_-bdp
"Passage Through Armageddon: The Russians in War and Revolution, 1914-1918",W. Bruce Lincoln,www.abebooks.com/servlet/BookDetailsPL?bi=31640275329&cm_sp=collections-_-2IKWzfxmNFR4BiIVBU5eEQ_item_1_54-_-bdp
"That Woman: The Life of Wallis Simpson, Duchess of Windsor",Anne Sebba,www.abebooks.com/servlet/BookDetailsPL?bi=32344380714&cm_sp=collections-_-2IKWzfxmNFR4BiIVBU5eEQ_item_1_55-_-bdp
Napoleon on the Art of War,Napoleon,www.abebooks.com/servlet/BookDetailsPL?bi=32252592464&cm_sp=collections-_-2IKWzfxmNFR4BiIVBU5eEQ_item_1_56-_-bdp
Elizabeth's London: Everyday Life in Elizabethan London,Liza Picard,www.abebooks.com/servlet/BookDetailsPL?bi=32106926580&cm_sp=collections-_-2IKWzfxmNFR4BiIVBU5eEQ_item_1_57-_-bdp
Scotland: A Concise History (Revised),"Fitzroy MacLean,Magnus Linklater",www.abebooks.com/servlet/BookDetailsPL?bi=32066248856&cm_sp=collections-_-2IKWzfxmNFR4BiIVBU5eEQ_item_1_58-_-bdp
The Lady in the Tower: The Fall of Anne Boleyn,Alison Weir,www.abebooks.com/servlet/BookDetailsPL?bi=31852637143&cm_sp=collections-_-2IKWzfxmNFR4BiIVBU5eEQ_item_1_59-_-bdp
Too Much Salt and Pepper: Two Porcupines with Prickly Spines Who Make You Laugh and Think,"Campbell, Sam",www.abebooks.com/servlet/BookDetailsPL?bi=31929051738&cm_sp=collections-_-36WH5sRhHJkeUPsw5cWKMu_item_1_1-_-bdp
Flight Paths: How a Passionate and Quirky Group of Pioneering Scientists Solved the Mystery of Bi...,"Heisman, Rebecca",www.abebooks.com/servlet/BookDetailsPL?bi=32376590211&cm_sp=collections-_-36WH5sRhHJkeUPsw5cWKMu_item_1_2-_-bdp
The Wolverine Way,"Chadwick, Douglas H.",www.abebooks.com/servlet/BookDetailsPL?bi=32325331047&cm_sp=collections-_-36WH5sRhHJkeUPsw5cWKMu_item_1_3-_-bdp
Uncle Whiskers,"Brown, Philip",www.abebooks.com/servlet/BookDetailsPL?bi=31998098017&cm_sp=collections-_-36WH5sRhHJkeUPsw5cWKMu_item_1_4-_-bdp
Little Tyke,"Westbeau, George H.",www.abebooks.com/servlet/BookDetailsPL?bi=30661479503&cm_sp=collections-_-36WH5sRhHJkeUPsw5cWKMu_item_1_5-_-bdp
The Flame Birds,"Allen, Robert Porter",www.abebooks.com/servlet/BookDetailsPL?bi=32009966585&cm_sp=collections-_-36WH5sRhHJkeUPsw5cWKMu_item_1_6-_-bdp
All Creatures Great and Small,"Herriot, James",www.abebooks.com/servlet/BookDetailsPL?bi=32205850811&cm_sp=collections-_-36WH5sRhHJkeUPsw5cWKMu_item_1_7-_-bdp
In My Nature: A Birder's Year At the Montlake Fill,"Sidles, Constance",www.abebooks.com/servlet/BookDetailsPL?bi=31580401921&cm_sp=collections-_-36WH5sRhHJkeUPsw5cWKMu_item_1_8-_-bdp
In My Nature: A Birder's Year At the Montlake Fill,"Sidles, Constance",www.abebooks.com/servlet/BookDetailsPL?bi=22916747766&cm_sp=collections-_-36WH5sRhHJkeUPsw5cWKMu_item_1_9-_-bdp
Gorillas Were My Neighbours,"Merfield, Fred G.; Miller, Harry",www.abebooks.com/servlet/BookDetailsPL?bi=30810369222&cm_sp=collections-_-36WH5sRhHJkeUPsw5cWKMu_item_1_10-_-bdp
The Gordon Setter: History and Character,"Gompertz, G. St. G. M.",www.abebooks.com/servlet/BookDetailsPL?bi=30313947753&cm_sp=collections-_-36WH5sRhHJkeUPsw5cWKMu_item_1_11-_-bdp
The Book of Birds: The First Work Presenting in Full Color All the Major Species of the United St...,"Grosvenor, Gilbert; Wetmore, Alexander",www.abebooks.com/servlet/BookDetailsPL?bi=30853224245&cm_sp=collections-_-36WH5sRhHJkeUPsw5cWKMu_item_1_12-_-bdp
"Cowboy Memories Published in Honor of the Seagoing Cowboys, Air Attendants, and Truckers of HPI A...","Beck, Bill; West, Mel (editors)",www.abebooks.com/servlet/BookDetailsPL?bi=30087745513&cm_sp=collections-_-36WH5sRhHJkeUPsw5cWKMu_item_1_13-_-bdp
"Mexican Birds: First Impressions Based Upon an Ornithological Expedition to Tamaulipas, Nuevo Leo...","Sutton, George Miksch",www.abebooks.com/servlet/BookDetailsPL?bi=32377122820&cm_sp=collections-_-36WH5sRhHJkeUPsw5cWKMu_item_1_14-_-bdp
Bring 'em Back Alive,"Buck, Frank; Anthony, Edward",www.abebooks.com/servlet/BookDetailsPL?bi=31673243625&cm_sp=collections-_-36WH5sRhHJkeUPsw5cWKMu_item_1_15-_-bdp
Cross Country with Horse and Hound,"Peer, Frank Sherman",www.abebooks.com/servlet/BookDetailsPL?bi=31614165306&cm_sp=collections-_-36WH5sRhHJkeUPsw5cWKMu_item_1_16-_-bdp
Drinkers of the Wind,"Raswan, Carl R.",www.abebooks.com/servlet/BookDetailsPL?bi=31897795163&cm_sp=collections-_-36WH5sRhHJkeUPsw5cWKMu_item_1_17-_-bdp
The Raven: A Natural History in Britain and Ireland,"Ratcliffe, Derek",www.abebooks.com/servlet/BookDetailsPL?bi=32331388879&cm_sp=collections-_-36WH5sRhHJkeUPsw5cWKMu_item_1_18-_-bdp
The Birds of British Columbia: (9) Diving Birds and Tube-Nosed Swimmers,"Guiguet, C. J.",www.abebooks.com/servlet/BookDetailsPL?bi=31449206075&cm_sp=collections-_-36WH5sRhHJkeUPsw5cWKMu_item_1_19-_-bdp
Dane Data,"Gardner, Albert B.",www.abebooks.com/servlet/BookDetailsPL?bi=22700528835&cm_sp=collections-_-36WH5sRhHJkeUPsw5cWKMu_item_1_20-_-bdp
Horses and Americans,"Stong, Phil",www.abebooks.com/servlet/BookDetailsPL?bi=31825253798&cm_sp=collections-_-36WH5sRhHJkeUPsw5cWKMu_item_1_21-_-bdp
Mambas and Man-Eaters: A Hunter's Story,"Ionides, C. J. P.",www.abebooks.com/servlet/BookDetailsPL?bi=32259360824&cm_sp=collections-_-36WH5sRhHJkeUPsw5cWKMu_item_1_22-_-bdp
The Fell Terrier,"Plummer, D. Brian",www.abebooks.com/servlet/BookDetailsPL?bi=32145952506&cm_sp=collections-_-36WH5sRhHJkeUPsw5cWKMu_item_1_23-_-bdp
"My Beloved Monster: Masha, the Half-wild Rescue Cat Who Rescued Me","Carr, Caleb",www.abebooks.com/servlet/BookDetailsPL?bi=32399651932&cm_sp=collections-_-36WH5sRhHJkeUPsw5cWKMu_item_1_24-_-bdp
Man-Eaters of Kumaon,"Corbett, Jim",www.abebooks.com/servlet/BookDetailsPL?bi=32406255520&cm_sp=collections-_-36WH5sRhHJkeUPsw5cWKMu_item_1_25-_-bdp
Canine Body Language: A Photographic Guide Interpreting the Native Language of the Domestic Dog,"Aloff, Brenda",www.abebooks.com/servlet/BookDetailsPL?bi=32339924157&cm_sp=collections-_-36WH5sRhHJkeUPsw5cWKMu_item_1_26-_-bdp
The Last Chance Dog and Other True Stories of Holistic Animal Healing,"Kelleher, Donna",www.abebooks.com/servlet/BookDetailsPL?bi=19683503987&cm_sp=collections-_-36WH5sRhHJkeUPsw5cWKMu_item_1_27-_-bdp
The Master of Sunnybank: A Biography of Albert Payson Terhune,"Litvag, Irving",www.abebooks.com/servlet/BookDetailsPL?bi=30820003426&cm_sp=collections-_-36WH5sRhHJkeUPsw5cWKMu_item_1_28-_-bdp
"Behaviour of Wolves, Dogs, and Related Canids","Fox, Michael W.",www.abebooks.com/servlet/BookDetailsPL?bi=31291011591&cm_sp=collections-_-36WH5sRhHJkeUPsw5cWKMu_item_1_29-_-bdp
Belgians From Start to Finish,"Comstock, Sallyann",www.abebooks.com/servlet/BookDetailsPL?bi=32115516439&cm_sp=collections-_-36WH5sRhHJkeUPsw5cWKMu_item_1_30-_-bdp
Dog Heroes: True Stories about Extraordinary Animals Around the World,Tim Jones,www.abebooks.com/servlet/BookDetailsPL?bi=30450473489&cm_sp=collections-_-36WH5sRhHJkeUPsw5cWKMu_item_1_31-_-bdp
Arnie and a House Full of Company,"Corbo, Margarete Sigl; Barras, Diane Marie",www.abebooks.com/servlet/BookDetailsPL?bi=30820878281&cm_sp=collections-_-36WH5sRhHJkeUPsw5cWKMu_item_1_32-_-bdp
The Lord God Made Them All,"Herriot, James",www.abebooks.com/servlet/BookDetailsPL?bi=32216659247&cm_sp=collections-_-36WH5sRhHJkeUPsw5cWKMu_item_1_33-_-bdp
Birding to Change the World: A Memoir,"O'Kane, Trish",www.abebooks.com/servlet/BookDetailsPL?bi=32248747853&cm_sp=collections-_-36WH5sRhHJkeUPsw5cWKMu_item_1_34-_-bdp
"Wolves of the World: Perspectives of Behavior, Ecology and Conservation","Harrington, Fred H.; Paquet, Paul C.",www.abebooks.com/servlet/BookDetailsPL?bi=31595947488&cm_sp=collections-_-36WH5sRhHJkeUPsw5cWKMu_item_1_35-_-bdp
Brother Wolf: A Forgotten Promise,"Brandenburg, Jim",www.abebooks.com/servlet/BookDetailsPL?bi=30185613851&cm_sp=collections-_-36WH5sRhHJkeUPsw5cWKMu_item_1_36-_-bdp
"Of Time and Turtles: Mending the World, Shell by Shattered Shell","Montgomery, Sy",www.abebooks.com/servlet/BookDetailsPL?bi=32398081990&cm_sp=collections-_-36WH5sRhHJkeUPsw5cWKMu_item_1_37-_-bdp
The ABC and XYZ of Bee Culture: An Encyclopedia Pertaining to Scientific and Practical Culture of...,"Root, A. I.",www.abebooks.com/servlet/BookDetailsPL?bi=32213921063&cm_sp=collections-_-36WH5sRhHJkeUPsw5cWKMu_item_1_38-_-bdp
Livestock Handling and Transport,"Grandin, Temple (editor)",www.abebooks.com/servlet/BookDetailsPL?bi=30968667131&cm_sp=collections-_-36WH5sRhHJkeUPsw5cWKMu_item_1_39-_-bdp
Of Houses and Cats,"de Chazeau, Eunice",www.abebooks.com/servlet/BookDetailsPL?bi=30630238385&cm_sp=collections-_-36WH5sRhHJkeUPsw5cWKMu_item_1_40-_-bdp
Furred Animals of Australia,"Troughton, Ellis",www.abebooks.com/servlet/BookDetailsPL?bi=21338456496&cm_sp=collections-_-36WH5sRhHJkeUPsw5cWKMu_item_1_41-_-bdp
Particularly Cats,"Lessing, Doris",www.abebooks.com/servlet/BookDetailsPL?bi=22769663062&cm_sp=collections-_-36WH5sRhHJkeUPsw5cWKMu_item_1_42-_-bdp
Rin Tin Tin the Life and Legend,"Orlean, Susan",www.abebooks.com/servlet/BookDetailsPL?bi=9648590660&cm_sp=collections-_-36WH5sRhHJkeUPsw5cWKMu_item_1_43-_-bdp
"Handbook of Salamanders : The Salamanders of the United States, of Canada, and of Lower California","Bishop, Sherman C.",www.abebooks.com/servlet/BookDetailsPL?bi=32284335931&cm_sp=collections-_-36WH5sRhHJkeUPsw5cWKMu_item_1_44-_-bdp
"Storey's Guide to Raising Chickens, 3rd Edition","Damerow, Gail",www.abebooks.com/servlet/BookDetailsPL?bi=30780136096&cm_sp=collections-_-36WH5sRhHJkeUPsw5cWKMu_item_1_45-_-bdp
The Flying Flynns: The Remarkable Adventures of an Animal Doctor in the Wilderness,"Flynn, Bethine",www.abebooks.com/servlet/BookDetailsPL?bi=5430639232&cm_sp=collections-_-36WH5sRhHJkeUPsw5cWKMu_item_1_46-_-bdp
"The Complete James Herriot, Volume 1: If Only They Could Talk; It Shouldn't Happen to a Vet; Let ...","Herriot, James",www.abebooks.com/servlet/BookDetailsPL?bi=32373651366&cm_sp=collections-_-36WH5sRhHJkeUPsw5cWKMu_item_1_47-_-bdp
Penguin Summer: An Adventure with the Birds of the Falkland Islands,"Pettingill, Eleanor Rice",www.abebooks.com/servlet/BookDetailsPL?bi=30578474326&cm_sp=collections-_-36WH5sRhHJkeUPsw5cWKMu_item_1_48-_-bdp
Gorillas in the Mist,"Fossey, Dian",www.abebooks.com/servlet/BookDetailsPL?bi=32070900971&cm_sp=collections-_-36WH5sRhHJkeUPsw5cWKMu_item_1_49-_-bdp
"The Silent Meow: A Manual for Kittens, Strays, and Homeless Cats","Gallico, Paul",www.abebooks.com/servlet/BookDetailsPL?bi=32118472764&cm_sp=collections-_-36WH5sRhHJkeUPsw5cWKMu_item_1_50-_-bdp
On Animals,"Orlean, Susan",www.abebooks.com/servlet/BookDetailsPL?bi=32398075490&cm_sp=collections-_-36WH5sRhHJkeUPsw5cWKMu_item_1_51-_-bdp
"A Field Guide to the Raptors of Europe, the Middle East, and North Africa","Clark, William S.",www.abebooks.com/servlet/BookDetailsPL?bi=31752152005&cm_sp=collections-_-36WH5sRhHJkeUPsw5cWKMu_item_1_52-_-bdp
George: A Magpie Memoir,"Hughes, Frieda",www.abebooks.com/servlet/BookDetailsPL?bi=31795993619&cm_sp=collections-_-36WH5sRhHJkeUPsw5cWKMu_item_1_53-_-bdp
James Herriot's Dog Stories,"Herriot, James",www.abebooks.com/servlet/BookDetailsPL?bi=31786568393&cm_sp=collections-_-36WH5sRhHJkeUPsw5cWKMu_item_1_54-_-bdp
"Welcome to Subirdia: Sharing Our Neighborhoods with Wrens, Robins, Woodpeckers, and Other Wildlife","Marzluff, John M.",www.abebooks.com/servlet/BookDetailsPL?bi=30894577568&cm_sp=collections-_-36WH5sRhHJkeUPsw5cWKMu_item_1_55-_-bdp
The Hidden Life of Dogs,"Thomas, Elizabeth Marshall",www.abebooks.com/servlet/BookDetailsPL?bi=975966811&cm_sp=collections-_-36WH5sRhHJkeUPsw5cWKMu_item_1_56-_-bdp
The Birds of Vancouver Island's West Coast,"Dorst, Adrian",www.abebooks.com/servlet/BookDetailsPL?bi=32248744076&cm_sp=collections-_-36WH5sRhHJkeUPsw5cWKMu_item_1_57-_-bdp
The Complete Kerry Blue Terrior,"Montgomery, E. S.",www.abebooks.com/servlet/BookDetailsPL?bi=22903055879&cm_sp=collections-_-36WH5sRhHJkeUPsw5cWKMu_item_1_58-_-bdp
Blackbirds of the Americas,Gordon Orians,www.abebooks.com/servlet/BookDetailsPL?bi=30116158112&cm_sp=collections-_-36WH5sRhHJkeUPsw5cWKMu_item_1_59-_-bdp
Under the Henfluence: Inside the World of Backyard Chickens and the People Who Love Them,"Danovich, Tove",www.abebooks.com/servlet/BookDetailsPL?bi=32263140520&cm_sp=collections-_-36WH5sRhHJkeUPsw5cWKMu_item_1_60-_-bdp
Christies October 1999 Corkscrews The Watney Collection,Christie's,www.abebooks.com/servlet/BookDetailsPL?bi=30008039424&cm_sp=collections-_-62ZVeYsXNqVX6BRpD9kwgV_item_1_1-_-bdp
Christies 2005 Wine from the Hospices de Beaune,Christie's,www.abebooks.com/servlet/BookDetailsPL?bi=30430890590&cm_sp=collections-_-62ZVeYsXNqVX6BRpD9kwgV_item_1_2-_-bdp
Sothebys June 2006 A Magnificent Bordeaux Cellar in Aid of the Charles-Albert Fr,Sothebys,www.abebooks.com/servlet/BookDetailsPL?bi=31398885844&cm_sp=collections-_-62ZVeYsXNqVX6BRpD9kwgV_item_1_3-_-bdp
Bonhams November 2018 Fine & Rare Wines,Bonhams,www.abebooks.com/servlet/BookDetailsPL?bi=31398891244&cm_sp=collections-_-62ZVeYsXNqVX6BRpD9kwgV_item_1_4-_-bdp
Christies May 2003 Corkscrews The Keith Elliott Collection & Various Properties,Christie's,www.abebooks.com/servlet/BookDetailsPL?bi=30011980015&cm_sp=collections-_-62ZVeYsXNqVX6BRpD9kwgV_item_1_5-_-bdp
Sothebys October 2006 Finest & Rarest Wines Featuring A Great Continental Cellar,Sothebys,www.abebooks.com/servlet/BookDetailsPL?bi=31398892237&cm_sp=collections-_-62ZVeYsXNqVX6BRpD9kwgV_item_1_6-_-bdp
Sothebys September 1985 Cape Independent Winemakers' Guild - Rare Cape Wines,Sothebys,www.abebooks.com/servlet/BookDetailsPL?bi=21977353189&cm_sp=collections-_-62ZVeYsXNqVX6BRpD9kwgV_item_1_7-_-bdp
Christies November 2017 Finest & Rarest Wines and Spirits,Christie's,www.abebooks.com/servlet/BookDetailsPL?bi=31398887601&cm_sp=collections-_-62ZVeYsXNqVX6BRpD9kwgV_item_1_8-_-bdp
Christies November 2016 Finest & Rarest Wines,Christie's,www.abebooks.com/servlet/BookDetailsPL?bi=31398889485&cm_sp=collections-_-62ZVeYsXNqVX6BRpD9kwgV_item_1_9-_-bdp
Bonhams March 2018 The Whisky Sale,Bonhams,www.abebooks.com/servlet/BookDetailsPL?bi=31398885842&cm_sp=collections-_-62ZVeYsXNqVX6BRpD9kwgV_item_1_10-_-bdp
"Sothebys June 2006 Finest and Rarest Wines, Spirits & Vintage Port",Sothebys,www.abebooks.com/servlet/BookDetailsPL?bi=31398894146&cm_sp=collections-_-62ZVeYsXNqVX6BRpD9kwgV_item_1_11-_-bdp
Sothebys 1999 James Tait Collection The Millennium Sale,Sothebys,www.abebooks.com/servlet/BookDetailsPL?bi=21976067299&cm_sp=collections-_-62ZVeYsXNqVX6BRpD9kwgV_item_1_12-_-bdp
"Christies Oct 1987 Bresciani Collection, Finest & Rarest Wines",Christie's,www.abebooks.com/servlet/BookDetailsPL?bi=21976675146&cm_sp=collections-_-62ZVeYsXNqVX6BRpD9kwgV_item_1_13-_-bdp
Bonhams June 2016 The Whisky Sale,Bonhams,www.abebooks.com/servlet/BookDetailsPL?bi=31398893255&cm_sp=collections-_-62ZVeYsXNqVX6BRpD9kwgV_item_1_14-_-bdp
Sothebys December 2001 Finest and Rarest Wines & Spirits,Sothebys,www.abebooks.com/servlet/BookDetailsPL?bi=31398887602&cm_sp=collections-_-62ZVeYsXNqVX6BRpD9kwgV_item_1_15-_-bdp
Christies November 2018 Finest & Rarest Wines,Christie's,www.abebooks.com/servlet/BookDetailsPL?bi=31398890477&cm_sp=collections-_-62ZVeYsXNqVX6BRpD9kwgV_item_1_16-_-bdp
Sothebys March 2007 The Adrian Bowden Cellar Part II Finest & Rarest Wines,Sothebys,www.abebooks.com/servlet/BookDetailsPL?bi=31398885843&cm_sp=collections-_-62ZVeYsXNqVX6BRpD9kwgV_item_1_17-_-bdp
"Florida Real Estate Principles, Practices & Law","Crawford, Linda L.",www.abebooks.com/servlet/BookDetailsPL?bi=31478028846&cm_sp=collections-_-rifJyV5WKcvIeJPlEndEW_item_1_1-_-bdp
"Florida Real Estate Principles, Practices & Law","Crawford, Linda L.",www.abebooks.com/servlet/BookDetailsPL?bi=31471777080&cm_sp=collections-_-rifJyV5WKcvIeJPlEndEW_item_1_2-_-bdp
Florida Real Estate Exam Manual for Sales Associates and Brokers,"Crawford, Linda L.",www.abebooks.com/servlet/BookDetailsPL?bi=31472000714&cm_sp=collections-_-rifJyV5WKcvIeJPlEndEW_item_1_3-_-bdp
Recruiting Revolution in Real Estate: Finding and Keeping Top-Quality Agents,"Johnson, Carol",www.abebooks.com/servlet/BookDetailsPL?bi=30649415999&cm_sp=collections-_-rifJyV5WKcvIeJPlEndEW_item_1_4-_-bdp
Florida: Real Estate Exam Manual for Sales Associates and Brokers,"Crawford, Linda L.",www.abebooks.com/servlet/BookDetailsPL?bi=30978958915&cm_sp=collections-_-rifJyV5WKcvIeJPlEndEW_item_1_5-_-bdp
A journey from Aleppo to Jerusalem in 1697,Henry Maundrell,www.abebooks.com/servlet/BookDetailsPL?bi=31584217548&cm_sp=collections-_-1ZUoIl78x9a30FqfmSeB56_item_1_1-_-bdp
Permanent Record: A Memoir of a Reluctant Whistleblower,"Snowden, Edward",www.abebooks.com/servlet/BookDetailsPL?bi=31585081482&cm_sp=collections-_-1ZUoIl78x9a30FqfmSeB56_item_1_2-_-bdp
In That Dawn (Volume Three of Story of a Life),Konstantin Paustovsky,www.abebooks.com/servlet/BookDetailsPL?bi=32224490052&cm_sp=collections-_-1ZUoIl78x9a30FqfmSeB56_item_1_3-_-bdp
On the Road to Babadag: Travels in the Other Europe,"Stasiuk, Andrzej",www.abebooks.com/servlet/BookDetailsPL?bi=31586286892&cm_sp=collections-_-1ZUoIl78x9a30FqfmSeB56_item_1_4-_-bdp
Mission Accomplished: SOE and Italy 1943-1945,David Stafford,www.abebooks.com/servlet/BookDetailsPL?bi=31689039958&cm_sp=collections-_-1ZUoIl78x9a30FqfmSeB56_item_1_5-_-bdp
My Manchester United Years: The Autobiography,Sir Bobby Charlton,www.abebooks.com/servlet/BookDetailsPL?bi=31694469324&cm_sp=collections-_-1ZUoIl78x9a30FqfmSeB56_item_1_6-_-bdp
The Tartar Khan's Englishman,"Ronay, Gabriel",www.abebooks.com/servlet/BookDetailsPL?bi=31584643247&cm_sp=collections-_-1ZUoIl78x9a30FqfmSeB56_item_1_7-_-bdp
Marching with Mao: A Biographical Journey,"Lindesay, William",www.abebooks.com/servlet/BookDetailsPL?bi=31680663611&cm_sp=collections-_-1ZUoIl78x9a30FqfmSeB56_item_1_8-_-bdp
Diary and Correspondence of Samuel Pepys Volume IV,Samuel Pepys,www.abebooks.com/servlet/BookDetailsPL?bi=31731289098&cm_sp=collections-_-1ZUoIl78x9a30FqfmSeB56_item_1_9-_-bdp
An Ace and His Angel: Memoirs of a WWII Fighter Pilot,"Hatch, Herbert Brooks",www.abebooks.com/servlet/BookDetailsPL?bi=31584210599&cm_sp=collections-_-1ZUoIl78x9a30FqfmSeB56_item_1_10-_-bdp
Disturbing the Peace: A Conversation with Karel Hvizdala,"Havel, Vaclav",www.abebooks.com/servlet/BookDetailsPL?bi=31584210855&cm_sp=collections-_-1ZUoIl78x9a30FqfmSeB56_item_1_11-_-bdp
"Thanks for the Memory: Unforgettable Characters in Air Warfare, 1939-45","LUCAS, Laddie",www.abebooks.com/servlet/BookDetailsPL?bi=31680664302&cm_sp=collections-_-1ZUoIl78x9a30FqfmSeB56_item_1_12-_-bdp
Diary and Correspondence of Samuel Pepys Volume II,Samuel Pepys,www.abebooks.com/servlet/BookDetailsPL?bi=31731286331&cm_sp=collections-_-1ZUoIl78x9a30FqfmSeB56_item_1_13-_-bdp
Napoleon's Memoirs,"Napoleon I, Edited by Somerset De Chair",www.abebooks.com/servlet/BookDetailsPL?bi=31767044941&cm_sp=collections-_-1ZUoIl78x9a30FqfmSeB56_item_1_14-_-bdp
Casanova's Memoirs,"Casanova - Edited by Joseph Monet, Drawings by Vincente M...",www.abebooks.com/servlet/BookDetailsPL?bi=31781821568&cm_sp=collections-_-1ZUoIl78x9a30FqfmSeB56_item_1_15-_-bdp
Lydia and Maynard: Letters of Lydia Lopokova and John Maynard Keynes,"Lopokova, Lydia; Keynes, John Maynard",www.abebooks.com/servlet/BookDetailsPL?bi=32075436109&cm_sp=collections-_-1ZUoIl78x9a30FqfmSeB56_item_1_16-_-bdp
Voltron HD 66 oversize flat,"Smith, David, with Giovanni Carandente & Ugo MulasVoltron",www.abebooks.com/servlet/BookDetailsPL?bi=22524556762&cm_sp=collections-_-2plafyPOnPYTOhL0n1DRtB_item_1_1-_-bdp
The Journal and Catalogue of the Exhibition Entitled Sculpture and Carl Milles Held at the Instit...,"Plaut, James S.",www.abebooks.com/servlet/BookDetailsPL?bi=6256140918&cm_sp=collections-_-2plafyPOnPYTOhL0n1DRtB_item_1_2-_-bdp
"National Sculpture Review, Volume XII No. 1, Spring 1963","Block, Adolphe et al.",www.abebooks.com/servlet/BookDetailsPL?bi=10588629730&cm_sp=collections-_-2plafyPOnPYTOhL0n1DRtB_item_1_3-_-bdp
"National Sculpture Review, Volume XII, No. 2 Summer 1963",Block Adolph,www.abebooks.com/servlet/BookDetailsPL?bi=10588629731&cm_sp=collections-_-2plafyPOnPYTOhL0n1DRtB_item_1_4-_-bdp
"National Sculpture Review, Volume XI No. 4, Winter 1962-3","Block, Adolphe et al.",www.abebooks.com/servlet/BookDetailsPL?bi=10588629729&cm_sp=collections-_-2plafyPOnPYTOhL0n1DRtB_item_1_5-_-bdp
"National Sculpture Review, Volume XI, No. 3 Fall 1962","Block, Adolphe et al.",www.abebooks.com/servlet/BookDetailsPL?bi=10588629728&cm_sp=collections-_-2plafyPOnPYTOhL0n1DRtB_item_1_6-_-bdp
"National Sculpture Review, Volume XI, No. 1 Spring 1962.","Block, Adolphe et al.",www.abebooks.com/servlet/BookDetailsPL?bi=10588629727&cm_sp=collections-_-2plafyPOnPYTOhL0n1DRtB_item_1_7-_-bdp
"National Sculpture Review, Volume XII No. 3, Fall 1963.","Block, Adolphe et al.",www.abebooks.com/servlet/BookDetailsPL?bi=10588629732&cm_sp=collections-_-2plafyPOnPYTOhL0n1DRtB_item_1_8-_-bdp
The Magic of You (Malory Novels),"Lindsey, Johanna",www.abebooks.com/servlet/BookDetailsPL?bi=32363812055&cm_sp=collections-_-5Ed9631EbWnBvVyFPn4DqJ_item_1_1-_-bdp
Love Only Once: A Malory Novel,"Lindsey, Johanna",www.abebooks.com/servlet/BookDetailsPL?bi=32364046577&cm_sp=collections-_-5Ed9631EbWnBvVyFPn4DqJ_item_1_2-_-bdp
The Ungrateful Governess,"Balogh, Mary",www.abebooks.com/servlet/BookDetailsPL?bi=32381566738&cm_sp=collections-_-5Ed9631EbWnBvVyFPn4DqJ_item_1_3-_-bdp
Courting Julia (Signet Regency Romance),"Balogh, Mary",www.abebooks.com/servlet/BookDetailsPL?bi=32381562714&cm_sp=collections-_-5Ed9631EbWnBvVyFPn4DqJ_item_1_4-_-bdp
An Honorable Offer,Catherine Coulter,www.abebooks.com/servlet/BookDetailsPL?bi=32368021275&cm_sp=collections-_-5Ed9631EbWnBvVyFPn4DqJ_item_1_5-_-bdp
"Passions In The Sand (Bantam Books, 41)",Barbara Cartland,www.abebooks.com/servlet/BookDetailsPL?bi=32368023295&cm_sp=collections-_-5Ed9631EbWnBvVyFPn4DqJ_item_1_6-_-bdp
The Ghost Who Fell in Love,Barbara Cartland,www.abebooks.com/servlet/BookDetailsPL?bi=32381566759&cm_sp=collections-_-5Ed9631EbWnBvVyFPn4DqJ_item_1_7-_-bdp
The Duke and the Preacher's Daughter #96,Barbara Cartland,www.abebooks.com/servlet/BookDetailsPL?bi=32381570785&cm_sp=collections-_-5Ed9631EbWnBvVyFPn4DqJ_item_1_8-_-bdp
"OTHER WORLDS Science Stories: May 1950. Vol. 1, No. 4.","Palmer, Raymond A., editor. S. J. Byrne (Stuart James Byr...",www.abebooks.com/servlet/BookDetailsPL?bi=32251115590&cm_sp=collections-_-13CUsEoS8huGssiePgCAVo_item_1_1-_-bdp
"OTHER WORLDS Science Stories: March 1952. Volume 4, Number 2. Issue No 17.","Palmer, Raymond A., editor. S. J. Byrne (Stuart James Byr...",www.abebooks.com/servlet/BookDetailsPL?bi=32251130295&cm_sp=collections-_-13CUsEoS8huGssiePgCAVo_item_1_2-_-bdp
"STAR SCIENCE FICTION: January / Jan. 1958, Vol. 1, No. 1.","Pohl, Frederik, editor, signed.",www.abebooks.com/servlet/BookDetailsPL?bi=31995866132&cm_sp=collections-_-13CUsEoS8huGssiePgCAVo_item_1_3-_-bdp
"GOLDEN FLEECE in Amazing Stories magazine. September 1988, Volume 63, Number 3.","Sawyer, Robert J.",www.abebooks.com/servlet/BookDetailsPL?bi=19364682275&cm_sp=collections-_-13CUsEoS8huGssiePgCAVo_item_1_4-_-bdp
ASIMOV'S SCIENCE FICTION MAGAZINE: Vol. 14 No. 11 & 12 (#162 & 163) November 1990. Double Issue.,"[ Robinson, Kim Stanley, signed] Gardner Dozois, editor. ...",www.abebooks.com/servlet/BookDetailsPL?bi=19728393481&cm_sp=collections-_-13CUsEoS8huGssiePgCAVo_item_1_5-_-bdp
"OTHER WORLDS Science Stories: JULY 1952. Volume 4, Number 5. Issue No 20.","Palmer, Raymond A., editor. S. J. Byrne aka Howard Dare (...",www.abebooks.com/servlet/BookDetailsPL?bi=32251129285&cm_sp=collections-_-13CUsEoS8huGssiePgCAVo_item_1_6-_-bdp
"WORLDS OF IF SCIENCE FICTION: July 1969, Vol. 19, No. 6.","Jakobsson, Ejler, editor: Charles Nuetzel, signed; Dean R...",www.abebooks.com/servlet/BookDetailsPL?bi=30651513084&cm_sp=collections-_-13CUsEoS8huGssiePgCAVo_item_1_7-_-bdp
"OTHER WORLDS Science Stories: June 1953. Volume 5, Number 6. Issue No 30.","Palmer, Raymond A., editor. S. J. Byrne (Stuart James Byr...",www.abebooks.com/servlet/BookDetailsPL?bi=32251123459&cm_sp=collections-_-13CUsEoS8huGssiePgCAVo_item_1_8-_-bdp
"'A Plague of Butterflies' in AMAZING SCIENCE FICTION STORIES, November 1981 (vol 28, no 3.)","Card, Orson Scott; Somtow Sucharitkul, Parke Godwin, Marv...",www.abebooks.com/servlet/BookDetailsPL?bi=30110306693&cm_sp=collections-_-13CUsEoS8huGssiePgCAVo_item_1_9-_-bdp
"ISAAC ASIMOV SCIENCE FICTION MAGAZINE, July 1990, Volume 14, Number 7: Whole No 158.","Resnick Mike, signed; Gardner Dozois, editor.",www.abebooks.com/servlet/BookDetailsPL?bi=32351782280&cm_sp=collections-_-13CUsEoS8huGssiePgCAVo_item_1_10-_-bdp
"ANALOG Science Fiction/ Science Fact: Vol. XCII, No. 5, January 1974.","Bova, Ben, editor (Robert A. Heinlein; William E. Cochran...",www.abebooks.com/servlet/BookDetailsPL?bi=32184932165&cm_sp=collections-_-13CUsEoS8huGssiePgCAVo_item_1_11-_-bdp
"LIFELOOP in ANALOG Science Fiction - Science Fact Magazine, October 1978. VOL XCVIII, No 10.","Bova,, Ben, editor; Card, Orson Scott , signed.",www.abebooks.com/servlet/BookDetailsPL?bi=32251113717&cm_sp=collections-_-13CUsEoS8huGssiePgCAVo_item_1_12-_-bdp
"THE MAGAZINE OF FANTASY AND SCIENCE FICTION, September - October 2012, Volume 132, Number 3 and 4.","Van Gelder, Gordon, editor. Ken Liu, signed.",www.abebooks.com/servlet/BookDetailsPL?bi=30939456974&cm_sp=collections-_-13CUsEoS8huGssiePgCAVo_item_1_13-_-bdp
"""JUPITER PROJECT"" in AMAZING SCIENCE FICTION Stories: September and November 1972, Volume 46, No ...","Benford, Gregory, signed. Ted White, editor.",www.abebooks.com/servlet/BookDetailsPL?bi=30651513083&cm_sp=collections-_-13CUsEoS8huGssiePgCAVo_item_1_14-_-bdp
"ANALOG Science Fiction/ Science Fact: Vol. XCII, No. 5, January 1974.","Bova, Ben, editor (Larry Niven, signed; Robert A. Heinlei...",www.abebooks.com/servlet/BookDetailsPL?bi=22720280718&cm_sp=collections-_-13CUsEoS8huGssiePgCAVo_item_1_15-_-bdp
"ISAAC ASIMOV SCIENCE FICTION MAGAZINE, December 1987, Volume 11, Number 12: Whole No 124.","Willis, Connie, signed; Harlan Ellison, Ben Bova, and oth...",www.abebooks.com/servlet/BookDetailsPL?bi=31999375600&cm_sp=collections-_-13CUsEoS8huGssiePgCAVo_item_1_16-_-bdp
"""In Our Hands, the Stars"" in ANALOG Science Fiction / Science Fact - December 1969, January and F...","Campbell, John W., editor; Harrison, Harry, signed.",www.abebooks.com/servlet/BookDetailsPL?bi=30449869439&cm_sp=collections-_-13CUsEoS8huGssiePgCAVo_item_1_17-_-bdp
"The Magazine of FANTASY AND SCIENCE FICTION (F&SF): March 1983. Vol. 64, No. 3; Whole No. 382.","Ferman, Edward L., editor; Kim Stanley Robinson, signed.",www.abebooks.com/servlet/BookDetailsPL?bi=19607885846&cm_sp=collections-_-13CUsEoS8huGssiePgCAVo_item_1_18-_-bdp
"OTHER WORLDS Science Stories: July 1953. Volume 5, Number 7. Issue No 31.","Palmer, Raymond A., editor. S. J. Byrne (Stuart James Byr...",www.abebooks.com/servlet/BookDetailsPL?bi=32251126288&cm_sp=collections-_-13CUsEoS8huGssiePgCAVo_item_1_19-_-bdp
"""The Ringworld Engineers"" in GALILEO Magazine of Science & Fiction #15: November (Nov). 1979.","Ryan, Charles C., editor. Larry Niven and Connie Willis, ...",www.abebooks.com/servlet/BookDetailsPL?bi=32085848581&cm_sp=collections-_-13CUsEoS8huGssiePgCAVo_item_1_20-_-bdp
"""Muse"" in FANTASY AND SCIENCE FICTION, September 1969.","Koontz, Dean (signed); Zenna Henderson and others.",www.abebooks.com/servlet/BookDetailsPL?bi=31995866131&cm_sp=collections-_-13CUsEoS8huGssiePgCAVo_item_1_21-_-bdp
"THE MONKEYS THOUGHT TWAS ALL IN FUN in ANALOG Science Fiction - Science Fact Magazine, May 1979. ...","Schmidt, Stanley, editor; Card, Orson Scott , signed.",www.abebooks.com/servlet/BookDetailsPL?bi=32251119487&cm_sp=collections-_-13CUsEoS8huGssiePgCAVo_item_1_22-_-bdp
"OTHER WORLDS Science Stories: April 1952. Volume 4, Number 3. Issue No 18.","Palmer, Raymond A., editor. S. J. Byrne (Stuart James Byr...",www.abebooks.com/servlet/BookDetailsPL?bi=32251126287&cm_sp=collections-_-13CUsEoS8huGssiePgCAVo_item_1_23-_-bdp
"ISAAC ASIMOV SCIENCE FICTION MAGAZINE, January 1984, Volume 8, Number 1: Whole No 74.","Willis, Connie, signed; George Alec Effinger, Tannith Lee...",www.abebooks.com/servlet/BookDetailsPL?bi=31999379538&cm_sp=collections-_-13CUsEoS8huGssiePgCAVo_item_1_24-_-bdp
"HAPPY HEAD in ANALOG Science Fiction - Science Fact Magazine, April 1978. VOL XCVIII, No 4.","Bova,, Ben, editor; Card, Orson Scott , signed; Wilson Tu...",www.abebooks.com/servlet/BookDetailsPL?bi=31995855897&cm_sp=collections-_-13CUsEoS8huGssiePgCAVo_item_1_25-_-bdp
"""Came the Revolution"" by L. E. Modesitt, Jr in GALAXY SCIENCE FICTION, Vol. 38 #7 September 1977.","Baen, James, editor. Stephen Fabian, illustrator.",www.abebooks.com/servlet/BookDetailsPL?bi=31444858764&cm_sp=collections-_-13CUsEoS8huGssiePgCAVo_item_1_26-_-bdp
"AMAZING SCIENCE FICTION, JANUARY 1973. Vol. 46, No. 5.","Martin, George R. R., signed; Ted White, editor.",www.abebooks.com/servlet/BookDetailsPL?bi=31065172985&cm_sp=collections-_-13CUsEoS8huGssiePgCAVo_item_1_27-_-bdp
"ISAAC ASIMOV'S SCIENCE FICTION MAGAZINE August 1986. Volume 10, Number 8.","Swanwick, Michael, Harry Turtledove and Karen Joy Fowler,...",www.abebooks.com/servlet/BookDetailsPL?bi=3705336994&cm_sp=collections-_-13CUsEoS8huGssiePgCAVo_item_1_28-_-bdp
"ISAAC ASIMOV SCIENCE FICTION MAGAZINE, April 1983, Volume 7, Number 4: 6th Anniversary Issue.","Willis, Connie, signed; Lewis Shiner, Jack McDevit, Brian...",www.abebooks.com/servlet/BookDetailsPL?bi=31995863188&cm_sp=collections-_-13CUsEoS8huGssiePgCAVo_item_1_29-_-bdp
"""IN THE SHIELD"" in Worlds of If Science Fiction Magazine, January 1969, Vol. 19, No. 1, Issue 134.","Koontz, Dean; Frederik Pohl, editor.",www.abebooks.com/servlet/BookDetailsPL?bi=22506299924&cm_sp=collections-_-13CUsEoS8huGssiePgCAVo_item_1_30-_-bdp
"OTHER WORLDS Science Stories: September (Sept) 1950. Volume 2, Number 2. Issue No 6.","Palmer, Raymond A., editor. S. J. Byrne (Stuart James Byr...",www.abebooks.com/servlet/BookDetailsPL?bi=32251123458&cm_sp=collections-_-13CUsEoS8huGssiePgCAVo_item_1_31-_-bdp
"LOCUS: The Magazine of the Science Fiction and Fantasy Field, Issue 552, Vol. 58, No. 1. January ...","Brown, Charles N., editor; Jeff VanderMeer, signed.",www.abebooks.com/servlet/BookDetailsPL?bi=31360659180&cm_sp=collections-_-13CUsEoS8huGssiePgCAVo_item_1_32-_-bdp
ASIMOV'S SCIENCE FICTION MAGAZINE: Vol. 25 No. 3 (#302) March 2001.,"Gardner Dozois, editor. (R. Garcia y Robertson and Lisa G...",www.abebooks.com/servlet/BookDetailsPL?bi=30377026220&cm_sp=collections-_-13CUsEoS8huGssiePgCAVo_item_1_33-_-bdp
"LOCUS: The Magazine of the Science Fiction and Fantasy Field, Issue 549, Vol. 57, No. 4. October ...","Brown, Charles N., editor; Paul Park, signed.",www.abebooks.com/servlet/BookDetailsPL?bi=31360659179&cm_sp=collections-_-13CUsEoS8huGssiePgCAVo_item_1_34-_-bdp
"'Eye for Eye' and 'Images' in ISAAC ASIMOV'S SCIENCE FICTION, March 1987 (vol 11, no 3.)","Card, Orson Scott, signed; Harry Turtledove, signed, Shar...",www.abebooks.com/servlet/BookDetailsPL?bi=31995860430&cm_sp=collections-_-13CUsEoS8huGssiePgCAVo_item_1_35-_-bdp
"ISAAC ASIMOV SCIENCE FICTION MAGAZINE, May 1986, Volume 10, Number 5: Whole No 104.","Willis, Connie, signed; James Tiptree, Jr, and others,",www.abebooks.com/servlet/BookDetailsPL?bi=31999372635&cm_sp=collections-_-13CUsEoS8huGssiePgCAVo_item_1_36-_-bdp
"ORBIT SCIENCE FICTION - Vol. 1, No. 5","Saltman, Jules, editor; Phillip K. Dick, Jack Vance, Augu...",www.abebooks.com/servlet/BookDetailsPL?bi=32227365588&cm_sp=collections-_-13CUsEoS8huGssiePgCAVo_item_1_37-_-bdp
"GALAXY SCIENCE FICTION MAGAZINE - Six Issues: December 1950; May and July 1951; May, October and ...","Gold, H. L., editor; Theodore Sturgeon, Isaac Asimov, Jam...",www.abebooks.com/servlet/BookDetailsPL?bi=31098053432&cm_sp=collections-_-13CUsEoS8huGssiePgCAVo_item_1_38-_-bdp
"AMAZING STORIES: NOVEMBER 1946 (NOV.), Vol. 20, No. 8","Palmer, Raymond A. editor; Richard Shaver & Bob McKenna; ...",www.abebooks.com/servlet/BookDetailsPL?bi=31945206731&cm_sp=collections-_-13CUsEoS8huGssiePgCAVo_item_1_39-_-bdp
THE HAUNTED EARTH.,"Koontz, Dean R.",www.abebooks.com/servlet/BookDetailsPL?bi=16698700508&cm_sp=collections-_-13CUsEoS8huGssiePgCAVo_item_1_40-_-bdp
"SCIENCE FICTION DIGEST VOL. 1, NO. 2.","Chester Whitehorn, editor, Eartha Kitt, Robert Sheckley, ...",www.abebooks.com/servlet/BookDetailsPL?bi=30381633708&cm_sp=collections-_-13CUsEoS8huGssiePgCAVo_item_1_41-_-bdp
"THE TWELFTH BED in The Magazine of Fantasy and Science Fiction, August 1968.","Koontz, Dean, Piers Anthony, Samuel R. Delany, Judith Mer...",www.abebooks.com/servlet/BookDetailsPL?bi=1307565986&cm_sp=collections-_-13CUsEoS8huGssiePgCAVo_item_1_42-_-bdp
"TO BEHOLD THE SUN in The Magazine of Fantasy and Science Fiction, December 1967, Volume 33, Numbe...","Koontz, Dean, J. G. Ballard, and others.",www.abebooks.com/servlet/BookDetailsPL?bi=967580885&cm_sp=collections-_-13CUsEoS8huGssiePgCAVo_item_1_43-_-bdp
"A THIRD HAND in The Magazine of Fantasy and Science Fiction, January 1970.","Koontz, Dean, Edgar P. Pangborn, Gene Wolfe, Isaac Asimov...",www.abebooks.com/servlet/BookDetailsPL?bi=1307565984&cm_sp=collections-_-13CUsEoS8huGssiePgCAVo_item_1_44-_-bdp
"A THIRD HAND in The Magazine of Fantasy and Science Fiction, January 1970.","Koontz, Dean, Edgar P. Pangborn, Gene Wolfe, Isaac Asimov...",www.abebooks.com/servlet/BookDetailsPL?bi=967595274&cm_sp=collections-_-13CUsEoS8huGssiePgCAVo_item_1_45-_-bdp
"""Muse"" in FANTASY AND SCIENCE FICTION, September 1969.","Koontz, Dean; Zenna Henderson and others.",www.abebooks.com/servlet/BookDetailsPL?bi=967588716&cm_sp=collections-_-13CUsEoS8huGssiePgCAVo_item_1_46-_-bdp
"KILLERBOT in Galaxy Magazine, Vol. 28, No. 4, May 1969.","Koontz, Dean R; Terry Carr, Frederick Pohl, Keith Laumer ...",www.abebooks.com/servlet/BookDetailsPL?bi=31995867016&cm_sp=collections-_-13CUsEoS8huGssiePgCAVo_item_1_47-_-bdp
"THE MAGAZINE OF FANTASY AND SCIENCE FICTION, APRIL 1998.","Van Gelder, Gordon, editor. Gregory Benford, signed.",www.abebooks.com/servlet/BookDetailsPL?bi=22382235495&cm_sp=collections-_-13CUsEoS8huGssiePgCAVo_item_1_48-_-bdp
"The Magazine of FANTASY AND SCIENCE FICTION (F&SF): May 1989. Vol. 76, No. 5; Whole No. 456.","Ferman, Edward L., editor; James Morrow, signed.",www.abebooks.com/servlet/BookDetailsPL?bi=32028398704&cm_sp=collections-_-13CUsEoS8huGssiePgCAVo_item_1_49-_-bdp
"The Magazine of FANTASY AND SCIENCE FICTION (F&SF): March 1994. Vol. 86, No. 3; Whole No. 514.","Ferman, Edward L., publisher; Kristine Kathryn Rusch, edi...",www.abebooks.com/servlet/BookDetailsPL?bi=32028399550&cm_sp=collections-_-13CUsEoS8huGssiePgCAVo_item_1_50-_-bdp
"'King of Cyber Rifles' in ASIMOV'S SCIENCE FICTION MAGAZINE, Mid-December, 1987.","Effinger, George Alec, signed; Harlan Ellison and others.",www.abebooks.com/servlet/BookDetailsPL?bi=31057787182&cm_sp=collections-_-13CUsEoS8huGssiePgCAVo_item_1_51-_-bdp
"GALAXY SCIENCE FICTION MAGAZINE, OCTOBER 1952, Vol. 5 No. 1.","Gold, H. L., editor; Theodore Sturgeon, Hal Clement, John...",www.abebooks.com/servlet/BookDetailsPL?bi=30661640012&cm_sp=collections-_-13CUsEoS8huGssiePgCAVo_item_1_52-_-bdp
"ISAAC ASIMOV'S SCIENCE FICTION MAGAZINE February 1980. Volume 4, Number 2.","Scithers, George H., editor. Gene Wolfe, Ted Reynolds, Ja...",www.abebooks.com/servlet/BookDetailsPL?bi=31236451760&cm_sp=collections-_-13CUsEoS8huGssiePgCAVo_item_1_53-_-bdp
"GALAXY SCIENCE FICTION: DECEMBER 1950, Volume 1, Number 3.","Gold, H. L., editor. James H. Schmitz, Clifford D. Simak,...",www.abebooks.com/servlet/BookDetailsPL?bi=30657212031&cm_sp=collections-_-13CUsEoS8huGssiePgCAVo_item_1_54-_-bdp
"""Eucharist"" in THE MAGAZINE OF FANTASY & SCIENCE FICTION, Vol. 60 No.6 June 1981.","Bear, Greg, signed.",www.abebooks.com/servlet/BookDetailsPL?bi=8831165758&cm_sp=collections-_-13CUsEoS8huGssiePgCAVo_item_1_55-_-bdp
"""Breaking the Game"" in ANALOG Science Fiction - Science Fact Magazine, January 1979. VOL XCVIX, N...","Schmidt, Stanley, editor. Orson Scott Card, signed.",www.abebooks.com/servlet/BookDetailsPL?bi=32115981842&cm_sp=collections-_-13CUsEoS8huGssiePgCAVo_item_1_56-_-bdp
"The Magazine of FANTASY AND SCIENCE FICTION (F&SF): May 1988. Vol. 74, No. 5; Whole No. 444.","Ferman, Edward L., editor; James Morrow, signed.",www.abebooks.com/servlet/BookDetailsPL?bi=32028400553&cm_sp=collections-_-13CUsEoS8huGssiePgCAVo_item_1_57-_-bdp
"ISAAC ASIMOV'S SCIENCE FICTION MAGAZINE October 1979. Volume 3, Number 10.","Scithers, George H., editor. L. E. Modesitt, signed; Barr...",www.abebooks.com/servlet/BookDetailsPL?bi=31444861622&cm_sp=collections-_-13CUsEoS8huGssiePgCAVo_item_1_58-_-bdp
"BLACK GATE: Adventures in Fantasy Literature, Vol 1, No. 2 Summer 2001.","O'Neill, John, editor.",www.abebooks.com/servlet/BookDetailsPL?bi=30498351086&cm_sp=collections-_-13CUsEoS8huGssiePgCAVo_item_1_59-_-bdp
"ISAAC ASIMOV'S SCIENCE FICTION: JULY 1987, Vol. 11, No. 7.","Dozois, Gardner, editor. Karen Joy Fowler, signed.",www.abebooks.com/servlet/BookDetailsPL?bi=30404001138&cm_sp=collections-_-13CUsEoS8huGssiePgCAVo_item_1_60-_-bdp
Swedish Lutheran Vampires of Brainers The photos in this listing are of the item offered for sale.,Anne Waltz,www.abebooks.com/servlet/BookDetailsPL?bi=14781992505&cm_sp=collections-_-VnLr0fTvTzz3j916HTA43_item_1_1-_-bdp
Swedish Lutheran Vampires of Brainerd The photos in this listing are of the item offered for sale.,Anne Waltz,www.abebooks.com/servlet/BookDetailsPL?bi=14782013027&cm_sp=collections-_-VnLr0fTvTzz3j916HTA43_item_1_2-_-bdp
This Is My Blood The photos in this listing are of the item offered for sale.,David Niall Wilson,www.abebooks.com/servlet/BookDetailsPL?bi=31018008586&cm_sp=collections-_-VnLr0fTvTzz3j916HTA43_item_1_3-_-bdp
The Bloody Red Baron The photos in this listing are of the item offered for sale.,Kim Newman,www.abebooks.com/servlet/BookDetailsPL?bi=31116233364&cm_sp=collections-_-VnLr0fTvTzz3j916HTA43_item_1_4-_-bdp
Necroscope IV: Deadspeak the photos in this listing are of the them offered for sale,Brian Lumley,www.abebooks.com/servlet/BookDetailsPL?bi=31097736603&cm_sp=collections-_-VnLr0fTvTzz3j916HTA43_item_1_5-_-bdp
The Keep The photos in this listing are of the item offered for sale.,"Wilson, F. Paul",www.abebooks.com/servlet/BookDetailsPL?bi=14781999489&cm_sp=collections-_-VnLr0fTvTzz3j916HTA43_item_1_6-_-bdp
Vanitas: Escape from Vampire Junction,"Somtow, S. P.",www.abebooks.com/servlet/BookDetailsPL?bi=31045303805&cm_sp=collections-_-VnLr0fTvTzz3j916HTA43_item_1_7-_-bdp
The Soft Whisper Of The Dead The photos in this listing are of the item offered for sale.,"Grant, Charles L.",www.abebooks.com/servlet/BookDetailsPL?bi=31253939975&cm_sp=collections-_-VnLr0fTvTzz3j916HTA43_item_1_8-_-bdp
Sunglasses After Dark The photos in this listing are of the item offered for sale.,Nancy Collins,www.abebooks.com/servlet/BookDetailsPL?bi=14782007830&cm_sp=collections-_-VnLr0fTvTzz3j916HTA43_item_1_9-_-bdp
This Is My Blood the photos in this listing are of the item offered for sale,David Niall Wilson,www.abebooks.com/servlet/BookDetailsPL?bi=31018016365&cm_sp=collections-_-VnLr0fTvTzz3j916HTA43_item_1_10-_-bdp
This is My Blood The photos in this listing are of the item offered for sale.,David Niall Wilson,www.abebooks.com/servlet/BookDetailsPL?bi=31404644469&cm_sp=collections-_-VnLr0fTvTzz3j916HTA43_item_1_11-_-bdp
This is My Blood The photos in this listing are of the item offered for sale.,David Niall Wilson,www.abebooks.com/servlet/BookDetailsPL?bi=31665804819&cm_sp=collections-_-VnLr0fTvTzz3j916HTA43_item_1_12-_-bdp
Love Bite The photos in this listing are of the item offered for sale.,Sherry Gottlieb,www.abebooks.com/servlet/BookDetailsPL?bi=31082498909&cm_sp=collections-_-VnLr0fTvTzz3j916HTA43_item_1_13-_-bdp
Young Blood The photos in this listing are of the item offered for sale.,Brian Stableford,www.abebooks.com/servlet/BookDetailsPL?bi=32070037013&cm_sp=collections-_-VnLr0fTvTzz3j916HTA43_item_1_14-_-bdp
The Hunger and Ecstasy of Vampires the photos in this listing are of the them offered for sale,Brian Stableford,www.abebooks.com/servlet/BookDetailsPL?bi=31280537309&cm_sp=collections-_-VnLr0fTvTzz3j916HTA43_item_1_15-_-bdp
Sunglasses After Dark The photos in this listing are of the item offered for sale.,"Collins, Nancy A. Collins",www.abebooks.com/servlet/BookDetailsPL?bi=22574913403&cm_sp=collections-_-VnLr0fTvTzz3j916HTA43_item_1_16-_-bdp
Ghost Roads Buffy the Vampire Slayer The Gatekeeper Trilogy Book Two,"Golden, Christopher; Holder, Nancy",www.abebooks.com/servlet/BookDetailsPL?bi=14781999561&cm_sp=collections-_-VnLr0fTvTzz3j916HTA43_item_1_17-_-bdp
If Books Could Kill The photos in this listing are of the item offered for sale.,"Haskell, Owen",www.abebooks.com/servlet/BookDetailsPL?bi=31405540892&cm_sp=collections-_-VnLr0fTvTzz3j916HTA43_item_1_18-_-bdp
Afterage,"Navarro, Yvonne",www.abebooks.com/servlet/BookDetailsPL?bi=14781998112&cm_sp=collections-_-VnLr0fTvTzz3j916HTA43_item_1_19-_-bdp
Less Than Human interior title is: Less Than Human: Chapter 10,"Raisor, Gary",www.abebooks.com/servlet/BookDetailsPL?bi=31082821050&cm_sp=collections-_-VnLr0fTvTzz3j916HTA43_item_1_20-_-bdp
Those Who Hunt The Night,Barbara Hambly,www.abebooks.com/servlet/BookDetailsPL?bi=14782014697&cm_sp=collections-_-VnLr0fTvTzz3j916HTA43_item_1_21-_-bdp
The Palace An Historical Horror Novel,Chelsea Quinn Yarbro,www.abebooks.com/servlet/BookDetailsPL?bi=14781999186&cm_sp=collections-_-VnLr0fTvTzz3j916HTA43_item_1_22-_-bdp
The Revenge of Dracula,"Tremayne, Peter (pseudonym of Peter Berresford Ellis)",www.abebooks.com/servlet/BookDetailsPL?bi=31658738912&cm_sp=collections-_-VnLr0fTvTzz3j916HTA43_item_1_23-_-bdp
Lust for Blood the photos in this listing are of the actual book you will receive,Olga Hoyt,www.abebooks.com/servlet/BookDetailsPL?bi=30906822631&cm_sp=collections-_-VnLr0fTvTzz3j916HTA43_item_1_24-_-bdp
Sons of Entropy Buffy the Vampire Slayer Gatekeeper Trilogy Book Three,"Golden, Christopher; Holder, Nancy",www.abebooks.com/servlet/BookDetailsPL?bi=14781997460&cm_sp=collections-_-VnLr0fTvTzz3j916HTA43_item_1_25-_-bdp
Lord of the Dead The Secret History of Byron The photos in this listing are of the item offered f...,Tom Holland,www.abebooks.com/servlet/BookDetailsPL?bi=14782010303&cm_sp=collections-_-VnLr0fTvTzz3j916HTA43_item_1_26-_-bdp
The Vampire Book The Encyclopedia of the Undead The photos in this listing are of the item offere...,J. Gordon. Melton,www.abebooks.com/servlet/BookDetailsPL?bi=14781995477&cm_sp=collections-_-VnLr0fTvTzz3j916HTA43_item_1_27-_-bdp
Out of the Madhouse Buffy the Vampire Slayer The Gatekeeper Book One,"Golden, Christopher; Holder, Nancy",www.abebooks.com/servlet/BookDetailsPL?bi=14781997459&cm_sp=collections-_-VnLr0fTvTzz3j916HTA43_item_1_28-_-bdp
Vampire Nights,"Moriarty, Tim",www.abebooks.com/servlet/BookDetailsPL?bi=22598032336&cm_sp=collections-_-VnLr0fTvTzz3j916HTA43_item_1_29-_-bdp
Angel Souls and Devil Hearts,"Golden, Christopher",www.abebooks.com/servlet/BookDetailsPL?bi=14781989672&cm_sp=collections-_-VnLr0fTvTzz3j916HTA43_item_1_30-_-bdp
The Revenge of Dracula,"Tremayne, Peter (pseudonym of Peter Berresford Ellis)",www.abebooks.com/servlet/BookDetailsPL?bi=31658734520&cm_sp=collections-_-VnLr0fTvTzz3j916HTA43_item_1_31-_-bdp
Yellow Fog The photos in this listing are of the item offered for sale.,Les Daniels,www.abebooks.com/servlet/BookDetailsPL?bi=31599795993&cm_sp=collections-_-VnLr0fTvTzz3j916HTA43_item_1_32-_-bdp
The Vampire Papers,"Romkey, Michael",www.abebooks.com/servlet/BookDetailsPL?bi=32365896087&cm_sp=collections-_-VnLr0fTvTzz3j916HTA43_item_1_33-_-bdp
Of Saints and Shadows (Shadow Saga) The photos in this listing are of the item offered for sale.,Christopher. Golden,www.abebooks.com/servlet/BookDetailsPL?bi=14781999539&cm_sp=collections-_-VnLr0fTvTzz3j916HTA43_item_1_34-_-bdp
Tempting Fate The Photos in this listing are of the book that is offered for sale,Chelsea Quinn Yarbro,www.abebooks.com/servlet/BookDetailsPL?bi=31901816662&cm_sp=collections-_-VnLr0fTvTzz3j916HTA43_item_1_35-_-bdp
The Silver Skull,"Daniels, Les",www.abebooks.com/servlet/BookDetailsPL?bi=14782010455&cm_sp=collections-_-VnLr0fTvTzz3j916HTA43_item_1_36-_-bdp
"Of Masques and Martyrs (The Shadow Saga, Book 3) The photos in this listing are of the item offer...",Christopher. Golden,www.abebooks.com/servlet/BookDetailsPL?bi=14781999538&cm_sp=collections-_-VnLr0fTvTzz3j916HTA43_item_1_37-_-bdp
Thirst of the Vampire The photo in this listing is of the item offered for sale.,T. L. Wright,www.abebooks.com/servlet/BookDetailsPL?bi=22598032002&cm_sp=collections-_-VnLr0fTvTzz3j916HTA43_item_1_38-_-bdp
Citizen Vampire // The Photos in this listing are of the book that is offered for sale,"Daniels, Les",www.abebooks.com/servlet/BookDetailsPL?bi=31255527956&cm_sp=collections-_-VnLr0fTvTzz3j916HTA43_item_1_39-_-bdp
Weird Vampire Tales the photos in this listing are of the them offered for sale,"Edited by Robert Weinberg , Stefan Dziemianowicz and Mart...",www.abebooks.com/servlet/BookDetailsPL?bi=22865564767&cm_sp=collections-_-VnLr0fTvTzz3j916HTA43_item_1_40-_-bdp
Dracula in Love the photos in this listing are of the actual book you will receive,J. Shirley,www.abebooks.com/servlet/BookDetailsPL?bi=32243446873&cm_sp=collections-_-VnLr0fTvTzz3j916HTA43_item_1_41-_-bdp
Nightchild // The Photos in this listing are of the book that is offered for sale,"Baker, Scott",www.abebooks.com/servlet/BookDetailsPL?bi=14782015418&cm_sp=collections-_-VnLr0fTvTzz3j916HTA43_item_1_42-_-bdp
Citizen Vampire The photos in this listing are of the item offered for sale.,"Daniels, Les",www.abebooks.com/servlet/BookDetailsPL?bi=31998982491&cm_sp=collections-_-VnLr0fTvTzz3j916HTA43_item_1_43-_-bdp
The Innkeeper's Vampire The Traveling Salesman's Darktime Tales,"Swift, Scott",www.abebooks.com/servlet/BookDetailsPL?bi=31833267524&cm_sp=collections-_-VnLr0fTvTzz3j916HTA43_item_1_44-_-bdp
Night Blood the photos in this listing are of the actual book you will receive,Eric Flanders,www.abebooks.com/servlet/BookDetailsPL?bi=30906820737&cm_sp=collections-_-VnLr0fTvTzz3j916HTA43_item_1_45-_-bdp
The Golden The photos in this listing are of the item offered for sale.,Lucius Shepard,www.abebooks.com/servlet/BookDetailsPL?bi=14782000263&cm_sp=collections-_-VnLr0fTvTzz3j916HTA43_item_1_46-_-bdp
An Old Friend of the Family,Fred Saberhagen,www.abebooks.com/servlet/BookDetailsPL?bi=31281250072&cm_sp=collections-_-VnLr0fTvTzz3j916HTA43_item_1_47-_-bdp
The Empire of Fear The photos in this listing are of the item offered for sale.,"Stableford, Brian M",www.abebooks.com/servlet/BookDetailsPL?bi=32089910730&cm_sp=collections-_-VnLr0fTvTzz3j916HTA43_item_1_48-_-bdp
"Angel Souls and Devil Hearts (The Shadow Saga, Book 2) The photos in this listing are of the item...",Christopher. Golden,www.abebooks.com/servlet/BookDetailsPL?bi=14781999530&cm_sp=collections-_-VnLr0fTvTzz3j916HTA43_item_1_49-_-bdp
Blood Games The photos in this listing are of the item offered for sale.,"Killough, Lee",www.abebooks.com/servlet/BookDetailsPL?bi=32054801546&cm_sp=collections-_-VnLr0fTvTzz3j916HTA43_item_1_50-_-bdp
Of Saints and Shadows (Shadow Saga) The photos in this listing are of the item offered for sale.,Christopher. Golden,www.abebooks.com/servlet/BookDetailsPL?bi=14782011194&cm_sp=collections-_-VnLr0fTvTzz3j916HTA43_item_1_51-_-bdp
The Vampire Stories of R. Chetwynd-Hayes The Photos in this listing are of the book that is offer...,"Chetwynd-Hayes, Ronald",www.abebooks.com/servlet/BookDetailsPL?bi=14782010844&cm_sp=collections-_-VnLr0fTvTzz3j916HTA43_item_1_52-_-bdp
Eyes The photos in this listing are of the item offered for sale.,Robert Subiaga Jr.,www.abebooks.com/servlet/BookDetailsPL?bi=31092973615&cm_sp=collections-_-VnLr0fTvTzz3j916HTA43_item_1_53-_-bdp
Indiana Jones and The Cup of the Vampire,"Helfer, Andrew",www.abebooks.com/servlet/BookDetailsPL?bi=32319872075&cm_sp=collections-_-VnLr0fTvTzz3j916HTA43_item_1_54-_-bdp
Yellow Fog,"Daniels, Les",www.abebooks.com/servlet/BookDetailsPL?bi=14782003054&cm_sp=collections-_-VnLr0fTvTzz3j916HTA43_item_1_55-_-bdp
Niebla Amarilla The photos in this listing are of the item offered for sale.,Les Daniels,www.abebooks.com/servlet/BookDetailsPL?bi=31469774037&cm_sp=collections-_-VnLr0fTvTzz3j916HTA43_item_1_56-_-bdp
Never Cross a Vampire The Photos in this listing are of the book that is offered for sale,Stuart Kaminsky,www.abebooks.com/servlet/BookDetailsPL?bi=31150298464&cm_sp=collections-_-VnLr0fTvTzz3j916HTA43_item_1_57-_-bdp
The Vampire of Mons The photo in this listing is of the item offered for sale.,Desmond Stewart,www.abebooks.com/servlet/BookDetailsPL?bi=31145103324&cm_sp=collections-_-VnLr0fTvTzz3j916HTA43_item_1_58-_-bdp
Blood Legacy The photo in this listing is of the item offered for sale.,Prudence Foster,www.abebooks.com/servlet/BookDetailsPL?bi=22592723224&cm_sp=collections-_-VnLr0fTvTzz3j916HTA43_item_1_59-_-bdp
Shadows After Dark The photos in this listing are of the item offered for sale.,Ouida Crozier,www.abebooks.com/servlet/BookDetailsPL?bi=14782010784&cm_sp=collections-_-VnLr0fTvTzz3j916HTA43_item_1_60-_-bdp
Twilight saga 1-4: Stmivani. Zatmeni. Rozbresk. Novy mesic,Stephenie Meyer,www.abebooks.com/servlet/BookDetailsPL?bi=32257296172&cm_sp=collections-_-30K3xgbr6JegTUWIxDF8X7_item_1_1-_-bdp
Twilight saga 1-4: Stmivani. Novy mesic. Zatmeni. Rozbresk,Stephenie Meyer,www.abebooks.com/servlet/BookDetailsPL?bi=32206796771&cm_sp=collections-_-30K3xgbr6JegTUWIxDF8X7_item_1_2-_-bdp
Sepotani. Divotani.Zrcadleni. Besneni,A. G. Howard,www.abebooks.com/servlet/BookDetailsPL?bi=32409616819&cm_sp=collections-_-30K3xgbr6JegTUWIxDF8X7_item_1_3-_-bdp
Sampion,Marie Lu,www.abebooks.com/servlet/BookDetailsPL?bi=32252384690&cm_sp=collections-_-30K3xgbr6JegTUWIxDF8X7_item_1_4-_-bdp
Valecna smrst,Victoria Aveyard,www.abebooks.com/servlet/BookDetailsPL?bi=32087943341&cm_sp=collections-_-30K3xgbr6JegTUWIxDF8X7_item_1_5-_-bdp
Pet temnych osudu,Kendare Blake,www.abebooks.com/servlet/BookDetailsPL?bi=32080833073&cm_sp=collections-_-30K3xgbr6JegTUWIxDF8X7_item_1_6-_-bdp
Bez srdce,Marissa Meyer,www.abebooks.com/servlet/BookDetailsPL?bi=32068134939&cm_sp=collections-_-30K3xgbr6JegTUWIxDF8X7_item_1_7-_-bdp
Bez srdce,Marissa Meyer,www.abebooks.com/servlet/BookDetailsPL?bi=32068088724&cm_sp=collections-_-30K3xgbr6JegTUWIxDF8X7_item_1_8-_-bdp
Kosticas,Samantha Shannon,www.abebooks.com/servlet/BookDetailsPL?bi=32206322337&cm_sp=collections-_-30K3xgbr6JegTUWIxDF8X7_item_1_9-_-bdp
Sest vran,Leigh Bardugo,www.abebooks.com/servlet/BookDetailsPL?bi=32067848520&cm_sp=collections-_-30K3xgbr6JegTUWIxDF8X7_item_1_10-_-bdp
Draci brana,Jenny-Mai Nuyen,www.abebooks.com/servlet/BookDetailsPL?bi=32149440917&cm_sp=collections-_-30K3xgbr6JegTUWIxDF8X7_item_1_11-_-bdp
Dvur vysoko v horach,A. K. Mulford,www.abebooks.com/servlet/BookDetailsPL?bi=32343559795&cm_sp=collections-_-30K3xgbr6JegTUWIxDF8X7_item_1_12-_-bdp
Za zrcadlem,Alina Bronsky,www.abebooks.com/servlet/BookDetailsPL?bi=32068059600&cm_sp=collections-_-30K3xgbr6JegTUWIxDF8X7_item_1_13-_-bdp
Nebezpecne krasny,Melissa Marr,www.abebooks.com/servlet/BookDetailsPL?bi=32069480319&cm_sp=collections-_-30K3xgbr6JegTUWIxDF8X7_item_1_14-_-bdp
Nocí zlomená,Patricia Briggs,www.abebooks.com/servlet/BookDetailsPL?bi=32085461347&cm_sp=collections-_-30K3xgbr6JegTUWIxDF8X7_item_1_15-_-bdp
Encyklopedie víl Emily Wildové,Heather Fawcett,www.abebooks.com/servlet/BookDetailsPL?bi=32334276447&cm_sp=collections-_-30K3xgbr6JegTUWIxDF8X7_item_1_16-_-bdp
Mrtva rise,Veronika Trusová,www.abebooks.com/servlet/BookDetailsPL?bi=32069396476&cm_sp=collections-_-30K3xgbr6JegTUWIxDF8X7_item_1_17-_-bdp
Mrtva rise,Veronika Trusová,www.abebooks.com/servlet/BookDetailsPL?bi=32404251868&cm_sp=collections-_-30K3xgbr6JegTUWIxDF8X7_item_1_18-_-bdp
Saga pulelfu 1. Prelomena cepel,Melissa Blair,www.abebooks.com/servlet/BookDetailsPL?bi=32068241486&cm_sp=collections-_-30K3xgbr6JegTUWIxDF8X7_item_1_19-_-bdp
Zelezny kral,Julie Kagawa,www.abebooks.com/servlet/BookDetailsPL?bi=32068073057&cm_sp=collections-_-30K3xgbr6JegTUWIxDF8X7_item_1_20-_-bdp
Zelezny kral,Julie Kagawa,www.abebooks.com/servlet/BookDetailsPL?bi=32213191118&cm_sp=collections-_-30K3xgbr6JegTUWIxDF8X7_item_1_21-_-bdp
Uder pulnoci. Merry Gentry. 4. dil,Laurell Kaye Hamilton,www.abebooks.com/servlet/BookDetailsPL?bi=32113105473&cm_sp=collections-_-30K3xgbr6JegTUWIxDF8X7_item_1_22-_-bdp
Uder pulnoci. Merry Gentry. 4. dil,Laurell Kaye Hamilton,www.abebooks.com/servlet/BookDetailsPL?bi=32160593925&cm_sp=collections-_-30K3xgbr6JegTUWIxDF8X7_item_1_23-_-bdp
"Kronika rodu Spiderwicku a co bylo potom. Kniha 1, Rusalcina pisen",Tony Di Terlizzi,www.abebooks.com/servlet/BookDetailsPL?bi=32068042923&cm_sp=collections-_-30K3xgbr6JegTUWIxDF8X7_item_1_24-_-bdp
"Kronika rodu Spiderwicku a co bylo potom. Kniha 1, Rusalcina pisen",Tony Di Terlizzi,www.abebooks.com/servlet/BookDetailsPL?bi=32068250521&cm_sp=collections-_-30K3xgbr6JegTUWIxDF8X7_item_1_25-_-bdp
Ideály,Aprilynne Pike,www.abebooks.com/servlet/BookDetailsPL?bi=32284537949&cm_sp=collections-_-30K3xgbr6JegTUWIxDF8X7_item_1_26-_-bdp
Osud. Kridla 4,Aprilynne Pike,www.abebooks.com/servlet/BookDetailsPL?bi=32340280068&cm_sp=collections-_-30K3xgbr6JegTUWIxDF8X7_item_1_27-_-bdp
Osud. Kridla 4,Aprilynne Pike,www.abebooks.com/servlet/BookDetailsPL?bi=32394879452&cm_sp=collections-_-30K3xgbr6JegTUWIxDF8X7_item_1_28-_-bdp
Rusalka,Ivana Nováková,www.abebooks.com/servlet/BookDetailsPL?bi=32068256956&cm_sp=collections-_-30K3xgbr6JegTUWIxDF8X7_item_1_29-_-bdp
Rusalka,Ivana Nováková,www.abebooks.com/servlet/BookDetailsPL?bi=32410241764&cm_sp=collections-_-30K3xgbr6JegTUWIxDF8X7_item_1_30-_-bdp
Artemis Fowl: Operace Arktida,Eoin Colfer,www.abebooks.com/servlet/BookDetailsPL?bi=32068128411&cm_sp=collections-_-30K3xgbr6JegTUWIxDF8X7_item_1_31-_-bdp
Artemis Fowl: Operace Arktida,Eoin Colfer,www.abebooks.com/servlet/BookDetailsPL?bi=32112739353&cm_sp=collections-_-30K3xgbr6JegTUWIxDF8X7_item_1_32-_-bdp
Artemis Fowl. Operace Arktida,Eoin Colfer,www.abebooks.com/servlet/BookDetailsPL?bi=32150405262&cm_sp=collections-_-30K3xgbr6JegTUWIxDF8X7_item_1_33-_-bdp
Arktický incident,Eoin Colfer,www.abebooks.com/servlet/BookDetailsPL?bi=32068138434&cm_sp=collections-_-30K3xgbr6JegTUWIxDF8X7_item_1_34-_-bdp
Osud hnevu & plamene,K. A. Tucker,www.abebooks.com/servlet/BookDetailsPL?bi=32068305757&cm_sp=collections-_-30K3xgbr6JegTUWIxDF8X7_item_1_35-_-bdp
Zelezna dcera,Julie Kagawa,www.abebooks.com/servlet/BookDetailsPL?bi=32084285880&cm_sp=collections-_-30K3xgbr6JegTUWIxDF8X7_item_1_36-_-bdp
Zelezna dcera,Julie Kagawa,www.abebooks.com/servlet/BookDetailsPL?bi=32107254306&cm_sp=collections-_-30K3xgbr6JegTUWIxDF8X7_item_1_37-_-bdp
Divoka rise,Stacey Marie Brown,www.abebooks.com/servlet/BookDetailsPL?bi=32284129187&cm_sp=collections-_-30K3xgbr6JegTUWIxDF8X7_item_1_38-_-bdp
Divoka rise,Stacey Marie Brown,www.abebooks.com/servlet/BookDetailsPL?bi=32068345424&cm_sp=collections-_-30K3xgbr6JegTUWIxDF8X7_item_1_39-_-bdp
Carodejnice z Hex Hall,Rachel Hawkins,www.abebooks.com/servlet/BookDetailsPL?bi=32068499329&cm_sp=collections-_-30K3xgbr6JegTUWIxDF8X7_item_1_40-_-bdp
Carodejnice z Hex Hall,Rachel Hawkins,www.abebooks.com/servlet/BookDetailsPL?bi=32069230836&cm_sp=collections-_-30K3xgbr6JegTUWIxDF8X7_item_1_41-_-bdp
Artemis Fowl. Vecna sifra,Eoin Colfer,www.abebooks.com/servlet/BookDetailsPL?bi=32082389788&cm_sp=collections-_-30K3xgbr6JegTUWIxDF8X7_item_1_42-_-bdp
Artemis Fowl. Vecna sifra,Eoin Colfer,www.abebooks.com/servlet/BookDetailsPL?bi=32227302269&cm_sp=collections-_-30K3xgbr6JegTUWIxDF8X7_item_1_43-_-bdp
Artemis Fowl. Vecna sifra,Eoin Colfer,www.abebooks.com/servlet/BookDetailsPL?bi=32393950431&cm_sp=collections-_-30K3xgbr6JegTUWIxDF8X7_item_1_44-_-bdp
Démon z Hex Hall,Rachel Hawkins,www.abebooks.com/servlet/BookDetailsPL?bi=32339030765&cm_sp=collections-_-30K3xgbr6JegTUWIxDF8X7_item_1_45-_-bdp
Démon z Hex Hall,Rachel Hawkins,www.abebooks.com/servlet/BookDetailsPL?bi=32067833589&cm_sp=collections-_-30K3xgbr6JegTUWIxDF8X7_item_1_46-_-bdp
Démon z Hex Hall,Rachel Hawkins,www.abebooks.com/servlet/BookDetailsPL?bi=32068175706&cm_sp=collections-_-30K3xgbr6JegTUWIxDF8X7_item_1_47-_-bdp
Skleneny trun,Sarah J. Maas,www.abebooks.com/servlet/BookDetailsPL?bi=32067846520&cm_sp=collections-_-30K3xgbr6JegTUWIxDF8X7_item_1_48-_-bdp
Ilúzie,Aprilynne Pike,www.abebooks.com/servlet/BookDetailsPL?bi=32177963032&cm_sp=collections-_-30K3xgbr6JegTUWIxDF8X7_item_1_49-_-bdp
Kúzla,Aprilynne Pike,www.abebooks.com/servlet/BookDetailsPL?bi=32068335889&cm_sp=collections-_-30K3xgbr6JegTUWIxDF8X7_item_1_50-_-bdp
Paranormálové II. Nikdo není bez viny,Kiersten White,www.abebooks.com/servlet/BookDetailsPL?bi=32068216751&cm_sp=collections-_-30K3xgbr6JegTUWIxDF8X7_item_1_51-_-bdp
Nikto nie je bez viny,Kiersten White,www.abebooks.com/servlet/BookDetailsPL?bi=32068431776&cm_sp=collections-_-30K3xgbr6JegTUWIxDF8X7_item_1_52-_-bdp
What We Found in the Sofa and How It Saved the World,"Clark, Henry",www.abebooks.com/servlet/BookDetailsPL?bi=22482430271&cm_sp=collections-_-2glJ78kqS4CJKW6B9xTMSP_item_1_1-_-bdp
Navigating Early (SIGNED),"Vanderpool, Clare",www.abebooks.com/servlet/BookDetailsPL?bi=22482430539&cm_sp=collections-_-2glJ78kqS4CJKW6B9xTMSP_item_1_2-_-bdp
Snowdrops,"Miller, A.D.",www.abebooks.com/servlet/BookDetailsPL?bi=22482430273&cm_sp=collections-_-2glJ78kqS4CJKW6B9xTMSP_item_1_3-_-bdp
Dark Orbit (SIGNED),"Gilman, Carolyn Ives",www.abebooks.com/servlet/BookDetailsPL?bi=22482431041&cm_sp=collections-_-2glJ78kqS4CJKW6B9xTMSP_item_1_4-_-bdp
Suffer Little Children: A Sister Fidelma Mystery (Sister Fidelma Mysteries),"Tremayne, Peter",www.abebooks.com/servlet/BookDetailsPL?bi=31672877545&cm_sp=collections-_-2gff4jRrAfOJ84LcHVVIu8_item_1_1-_-bdp
THE VOICE IN THE SUITCASE,MARGARET SUTTON,www.abebooks.com/servlet/BookDetailsPL?bi=31584988233&cm_sp=collections-_-2gff4jRrAfOJ84LcHVVIu8_item_1_2-_-bdp
THE CLUE IN THE RUINED CASTLE,MARGARET SUTTON,www.abebooks.com/servlet/BookDetailsPL?bi=31585157372&cm_sp=collections-_-2gff4jRrAfOJ84LcHVVIu8_item_1_3-_-bdp
THE LIVING PORTRAIT,MARGARET SUTTON,www.abebooks.com/servlet/BookDetailsPL?bi=31585147971&cm_sp=collections-_-2gff4jRrAfOJ84LcHVVIu8_item_1_4-_-bdp
THE SECRET OF THE BARRED WINDOW,MARGARET SUTTON,www.abebooks.com/servlet/BookDetailsPL?bi=31585035528&cm_sp=collections-_-2gff4jRrAfOJ84LcHVVIu8_item_1_5-_-bdp
THE MIDNIGHT VISITOR,MARGARET SUTTON,www.abebooks.com/servlet/BookDetailsPL?bi=31585147484&cm_sp=collections-_-2gff4jRrAfOJ84LcHVVIu8_item_1_6-_-bdp
Posted To Death: A Simon Kirby-Jones Mystery,"James, Dean",www.abebooks.com/servlet/BookDetailsPL?bi=31586940516&cm_sp=collections-_-2gff4jRrAfOJ84LcHVVIu8_item_1_7-_-bdp
THE YELLOW PHANTOM,MARGARET SUTTON,www.abebooks.com/servlet/BookDetailsPL?bi=31584998262&cm_sp=collections-_-2gff4jRrAfOJ84LcHVVIu8_item_1_8-_-bdp
Decorated To Death: A Simon Kirby-Jones Mystery,"James, Dean",www.abebooks.com/servlet/BookDetailsPL?bi=31587015334&cm_sp=collections-_-2gff4jRrAfOJ84LcHVVIu8_item_1_9-_-bdp
The Mysterious Half Cat,"Sutton, Margaret",www.abebooks.com/servlet/BookDetailsPL?bi=32383336604&cm_sp=collections-_-2gff4jRrAfOJ84LcHVVIu8_item_1_10-_-bdp
The Ghost Parade,"Sutton, Margaret",www.abebooks.com/servlet/BookDetailsPL?bi=32383289355&cm_sp=collections-_-2gff4jRrAfOJ84LcHVVIu8_item_1_11-_-bdp
The Mark on the Mirror,"Sutton, Margaret",www.abebooks.com/servlet/BookDetailsPL?bi=32383336644&cm_sp=collections-_-2gff4jRrAfOJ84LcHVVIu8_item_1_12-_-bdp
THE HAUNTED ROAD,MARGARET SUTTON,www.abebooks.com/servlet/BookDetailsPL?bi=31585142422&cm_sp=collections-_-2gff4jRrAfOJ84LcHVVIu8_item_1_13-_-bdp
THE RIDDLE OF THE DOUBLE RING,MARGARET SUTTON,www.abebooks.com/servlet/BookDetailsPL?bi=31585032766&cm_sp=collections-_-2gff4jRrAfOJ84LcHVVIu8_item_1_14-_-bdp
THE WARNING ON THE WINDOW,MARGARET SUTTON,www.abebooks.com/servlet/BookDetailsPL?bi=31584990871&cm_sp=collections-_-2gff4jRrAfOJ84LcHVVIu8_item_1_15-_-bdp
THE INVISIBLE CHIMES,MARGARET SUTTON,www.abebooks.com/servlet/BookDetailsPL?bi=31585155103&cm_sp=collections-_-2gff4jRrAfOJ84LcHVVIu8_item_1_16-_-bdp
THE RAINBOW RIDDLE,MARGARET SUTTON,www.abebooks.com/servlet/BookDetailsPL?bi=31585038209&cm_sp=collections-_-2gff4jRrAfOJ84LcHVVIu8_item_1_17-_-bdp
Seven Strange Clues,"Sutton, Margaret",www.abebooks.com/servlet/BookDetailsPL?bi=32383355769&cm_sp=collections-_-2gff4jRrAfOJ84LcHVVIu8_item_1_18-_-bdp
THE NAME ON THE BRACELET,MARGARET SUTTON,www.abebooks.com/servlet/BookDetailsPL?bi=31585041136&cm_sp=collections-_-2gff4jRrAfOJ84LcHVVIu8_item_1_19-_-bdp
Amnesia,Sinclair Smith,www.abebooks.com/servlet/BookDetailsPL?bi=32230214041&cm_sp=collections-_-3AAXIol91tqo6vu6OTuUkh_item_1_1-_-bdp
My Sweet Audrina,V C Andrews,www.abebooks.com/servlet/BookDetailsPL?bi=32265037685&cm_sp=collections-_-3AAXIol91tqo6vu6OTuUkh_item_1_2-_-bdp
Darkest Hour,V.C. Andrews,www.abebooks.com/servlet/BookDetailsPL?bi=32334278327&cm_sp=collections-_-3AAXIol91tqo6vu6OTuUkh_item_1_3-_-bdp
Secrets in the Attic,V C Andrews,www.abebooks.com/servlet/BookDetailsPL?bi=32334280764&cm_sp=collections-_-3AAXIol91tqo6vu6OTuUkh_item_1_4-_-bdp
The Girl Who Was Supposed to Die,April Henry,www.abebooks.com/servlet/BookDetailsPL?bi=32405601832&cm_sp=collections-_-3AAXIol91tqo6vu6OTuUkh_item_1_5-_-bdp
Cloudburst,V C Andrews,www.abebooks.com/servlet/BookDetailsPL?bi=32264618575&cm_sp=collections-_-3AAXIol91tqo6vu6OTuUkh_item_1_6-_-bdp
Gates of Paradise,V C Andrews,www.abebooks.com/servlet/BookDetailsPL?bi=32336607447&cm_sp=collections-_-3AAXIol91tqo6vu6OTuUkh_item_1_7-_-bdp
Child of Darkness,V C Andrews,www.abebooks.com/servlet/BookDetailsPL?bi=32334275411&cm_sp=collections-_-3AAXIol91tqo6vu6OTuUkh_item_1_8-_-bdp
Willow,V.C. Andrews,www.abebooks.com/servlet/BookDetailsPL?bi=32334285544&cm_sp=collections-_-3AAXIol91tqo6vu6OTuUkh_item_1_9-_-bdp
The Bridge,Jane Higgins,www.abebooks.com/servlet/BookDetailsPL?bi=32308439593&cm_sp=collections-_-3AAXIol91tqo6vu6OTuUkh_item_1_10-_-bdp
Melody,V.C. Andrews,www.abebooks.com/servlet/BookDetailsPL?bi=32334268825&cm_sp=collections-_-3AAXIol91tqo6vu6OTuUkh_item_1_11-_-bdp
Twisted Roots,V C Andrews,www.abebooks.com/servlet/BookDetailsPL?bi=32338009759&cm_sp=collections-_-3AAXIol91tqo6vu6OTuUkh_item_1_12-_-bdp
Liar,Justine Larbalestier,www.abebooks.com/servlet/BookDetailsPL?bi=32308430560&cm_sp=collections-_-3AAXIol91tqo6vu6OTuUkh_item_1_13-_-bdp
The Fury,Alexander Gordon Smith,www.abebooks.com/servlet/BookDetailsPL?bi=32153814303&cm_sp=collections-_-3AAXIol91tqo6vu6OTuUkh_item_1_14-_-bdp
Operation Red Jericho,Joshua Mowll,www.abebooks.com/servlet/BookDetailsPL?bi=32334356392&cm_sp=collections-_-3AAXIol91tqo6vu6OTuUkh_item_1_15-_-bdp
Family Storms,V.C. Andrews,www.abebooks.com/servlet/BookDetailsPL?bi=32249106284&cm_sp=collections-_-3AAXIol91tqo6vu6OTuUkh_item_1_16-_-bdp
Enemy,Charlie Higson,www.abebooks.com/servlet/BookDetailsPL?bi=32308437570&cm_sp=collections-_-3AAXIol91tqo6vu6OTuUkh_item_1_17-_-bdp
Fatality,Caroline B Cooney,www.abebooks.com/servlet/BookDetailsPL?bi=32245550964&cm_sp=collections-_-3AAXIol91tqo6vu6OTuUkh_item_1_18-_-bdp
Daughters Unto Devils (Original),Amy Lukavics,www.abebooks.com/servlet/BookDetailsPL?bi=32229791043&cm_sp=collections-_-3AAXIol91tqo6vu6OTuUkh_item_1_19-_-bdp
Second Sight,Sinclair Smith,www.abebooks.com/servlet/BookDetailsPL?bi=32230215934&cm_sp=collections-_-3AAXIol91tqo6vu6OTuUkh_item_1_20-_-bdp
Into the Woods,V C Andrews,www.abebooks.com/servlet/BookDetailsPL?bi=32403340816&cm_sp=collections-_-3AAXIol91tqo6vu6OTuUkh_item_1_21-_-bdp
Seven Daughters and Seven Sons,"Barbara Cohen,Bahija Lovejoy",www.abebooks.com/servlet/BookDetailsPL?bi=32338752789&cm_sp=collections-_-2Qx53CQxmNhDlXOr4TzlU7_item_1_1-_-bdp
The Outsiders,S. E. Hinton,www.abebooks.com/servlet/BookDetailsPL?bi=32369559803&cm_sp=collections-_-2Qx53CQxmNhDlXOr4TzlU7_item_1_2-_-bdp
The Twilight Saga: The Official Illustrated Guide,Stephenie Meyer,www.abebooks.com/servlet/BookDetailsPL?bi=32346671408&cm_sp=collections-_-2Qx53CQxmNhDlXOr4TzlU7_item_1_3-_-bdp
The Summer I Turned Pretty,Jenny Han,www.abebooks.com/servlet/BookDetailsPL?bi=32372332453&cm_sp=collections-_-2Qx53CQxmNhDlXOr4TzlU7_item_1_4-_-bdp
The River (A Hatchet Adventure),Gary Paulsen,www.abebooks.com/servlet/BookDetailsPL?bi=32111099479&cm_sp=collections-_-2Qx53CQxmNhDlXOr4TzlU7_item_1_5-_-bdp
Divergent (Divergent Series),Veronica Roth,www.abebooks.com/servlet/BookDetailsPL?bi=32400007082&cm_sp=collections-_-2Qx53CQxmNhDlXOr4TzlU7_item_1_6-_-bdp
Allegiant,Veronica Roth,www.abebooks.com/servlet/BookDetailsPL?bi=32369570785&cm_sp=collections-_-2Qx53CQxmNhDlXOr4TzlU7_item_1_7-_-bdp
"Siege and Storm (The Shadow and Bone Trilogy, 2)",Leigh Bardugo,www.abebooks.com/servlet/BookDetailsPL?bi=32401345950&cm_sp=collections-_-2Qx53CQxmNhDlXOr4TzlU7_item_1_8-_-bdp
"Ruin and Rising (The Shadow and Bone Trilogy, 3)",Leigh Bardugo,www.abebooks.com/servlet/BookDetailsPL?bi=32401334286&cm_sp=collections-_-2Qx53CQxmNhDlXOr4TzlU7_item_1_9-_-bdp
"The Gray Wolf Throne (A Seven Realms Novel, 3)",Cinda Williams Chima,www.abebooks.com/servlet/BookDetailsPL?bi=32252996163&cm_sp=collections-_-2Qx53CQxmNhDlXOr4TzlU7_item_1_10-_-bdp
Every Day,David Levithan,www.abebooks.com/servlet/BookDetailsPL?bi=32367954621&cm_sp=collections-_-2Qx53CQxmNhDlXOr4TzlU7_item_1_11-_-bdp
Clockwork Prince (2) (The Infernal Devices),Cassandra Clare,www.abebooks.com/servlet/BookDetailsPL?bi=32268558369&cm_sp=collections-_-2Qx53CQxmNhDlXOr4TzlU7_item_1_12-_-bdp
Untamed: A House of Night Novel (House of Night Novels),"P. C. Cast,Kristin Cast",www.abebooks.com/servlet/BookDetailsPL?bi=32152493233&cm_sp=collections-_-2Qx53CQxmNhDlXOr4TzlU7_item_1_13-_-bdp
Clockwork Prince,Cassandra Clare,www.abebooks.com/servlet/BookDetailsPL?bi=32380130159&cm_sp=collections-_-2Qx53CQxmNhDlXOr4TzlU7_item_1_14-_-bdp
Asylum,Madeleine Roux,www.abebooks.com/servlet/BookDetailsPL?bi=32375357699&cm_sp=collections-_-2Qx53CQxmNhDlXOr4TzlU7_item_1_15-_-bdp
Un Lun Dun,China MiÃ ville,www.abebooks.com/servlet/BookDetailsPL?bi=32341023907&cm_sp=collections-_-2Qx53CQxmNhDlXOr4TzlU7_item_1_16-_-bdp
Daughter of Smoke & Bone,Laini Taylor,www.abebooks.com/servlet/BookDetailsPL?bi=32224936437&cm_sp=collections-_-2Qx53CQxmNhDlXOr4TzlU7_item_1_17-_-bdp
"Finisher (Vega Jane, Book 1): Volume 1",David Baldacci,www.abebooks.com/servlet/BookDetailsPL?bi=32342747139&cm_sp=collections-_-2Qx53CQxmNhDlXOr4TzlU7_item_1_18-_-bdp
The DUFF: (Designated Ugly Fat Friend),Kody Keplinger,www.abebooks.com/servlet/BookDetailsPL?bi=32298641477&cm_sp=collections-_-2Qx53CQxmNhDlXOr4TzlU7_item_1_19-_-bdp
The Statistical Probability of Love at First Sight,Jennifer E. Smith,www.abebooks.com/servlet/BookDetailsPL?bi=32153745199&cm_sp=collections-_-2Qx53CQxmNhDlXOr4TzlU7_item_1_20-_-bdp
"Tempted (House of Night, Book 6)","P. C. Cast, Kristin Cast",www.abebooks.com/servlet/BookDetailsPL?bi=31995374770&cm_sp=collections-_-2Qx53CQxmNhDlXOr4TzlU7_item_1_21-_-bdp
Quarantine: The Loners,Lex Thomas,www.abebooks.com/servlet/BookDetailsPL?bi=32342749192&cm_sp=collections-_-2Qx53CQxmNhDlXOr4TzlU7_item_1_22-_-bdp
A Web of Air (Fever Crumb),Philip Reeve,www.abebooks.com/servlet/BookDetailsPL?bi=32197609374&cm_sp=collections-_-2Qx53CQxmNhDlXOr4TzlU7_item_1_23-_-bdp
Fix,Natasha Sinel,www.abebooks.com/servlet/BookDetailsPL?bi=32359769279&cm_sp=collections-_-2Qx53CQxmNhDlXOr4TzlU7_item_1_24-_-bdp
Through the Dark (a Darkest Minds Collection),Alexandra Bracken,www.abebooks.com/servlet/BookDetailsPL?bi=32224948517&cm_sp=collections-_-2Qx53CQxmNhDlXOr4TzlU7_item_1_25-_-bdp
Willow,Julia Hoban,www.abebooks.com/servlet/BookDetailsPL?bi=32252991248&cm_sp=collections-_-2Qx53CQxmNhDlXOr4TzlU7_item_1_26-_-bdp
Ashes,Ilsa J Bick,www.abebooks.com/servlet/BookDetailsPL?bi=32160662628&cm_sp=collections-_-2Qx53CQxmNhDlXOr4TzlU7_item_1_27-_-bdp
In the Shadows,"Kiersten White,Jim Di Bartolo",www.abebooks.com/servlet/BookDetailsPL?bi=32197602665&cm_sp=collections-_-2Qx53CQxmNhDlXOr4TzlU7_item_1_28-_-bdp
Jerk Magnet,Melody Carlson,www.abebooks.com/servlet/BookDetailsPL?bi=32252996164&cm_sp=collections-_-2Qx53CQxmNhDlXOr4TzlU7_item_1_29-_-bdp
Guardian of the Gate,Michelle Zink,www.abebooks.com/servlet/BookDetailsPL?bi=32251463760&cm_sp=collections-_-2Qx53CQxmNhDlXOr4TzlU7_item_1_30-_-bdp
Forever,Maggie Stiefvater,www.abebooks.com/servlet/BookDetailsPL?bi=32385927032&cm_sp=collections-_-2Qx53CQxmNhDlXOr4TzlU7_item_1_31-_-bdp
"The Face (Fear Street, No. 35)",R. L. Stine,www.abebooks.com/servlet/BookDetailsPL?bi=32338630045&cm_sp=collections-_-2Qx53CQxmNhDlXOr4TzlU7_item_1_32-_-bdp
Some Boys,Patty Blount,www.abebooks.com/servlet/BookDetailsPL?bi=31965634629&cm_sp=collections-_-2Qx53CQxmNhDlXOr4TzlU7_item_1_33-_-bdp
"The Diviners (The Diviners, 1)",Libba Bray,www.abebooks.com/servlet/BookDetailsPL?bi=31823722082&cm_sp=collections-_-2Qx53CQxmNhDlXOr4TzlU7_item_1_34-_-bdp
Fly Away Home (Rebel Angels),"Jahnna N. Malcolm, Laura Young",www.abebooks.com/servlet/BookDetailsPL?bi=32338111058&cm_sp=collections-_-2Qx53CQxmNhDlXOr4TzlU7_item_1_35-_-bdp
Circle of Fire,Michelle Zink,www.abebooks.com/servlet/BookDetailsPL?bi=32251466585&cm_sp=collections-_-2Qx53CQxmNhDlXOr4TzlU7_item_1_36-_-bdp
Ring & the Crown,Melissa De La Cruz,www.abebooks.com/servlet/BookDetailsPL?bi=32133717044&cm_sp=collections-_-2Qx53CQxmNhDlXOr4TzlU7_item_1_37-_-bdp
"The Body Finder (Body Finder, 1)",Kimberly Derting,www.abebooks.com/servlet/BookDetailsPL?bi=31941493096&cm_sp=collections-_-2Qx53CQxmNhDlXOr4TzlU7_item_1_38-_-bdp
Starlighter,Beverly Davis,www.abebooks.com/servlet/BookDetailsPL?bi=32254796800&cm_sp=collections-_-2Qx53CQxmNhDlXOr4TzlU7_item_1_39-_-bdp
House of Whispers (Fear Street Sagas #2),R. L. Stine,www.abebooks.com/servlet/BookDetailsPL?bi=32338621366&cm_sp=collections-_-2Qx53CQxmNhDlXOr4TzlU7_item_1_40-_-bdp
The Betrayal of Natalie Hargrove,Lauren Kate,www.abebooks.com/servlet/BookDetailsPL?bi=32104148921&cm_sp=collections-_-2Qx53CQxmNhDlXOr4TzlU7_item_1_41-_-bdp
Shadowhunter's Guide: City of Bones (The Mortal Instruments),Mimi O'Connor,www.abebooks.com/servlet/BookDetailsPL?bi=31925879400&cm_sp=collections-_-2Qx53CQxmNhDlXOr4TzlU7_item_1_42-_-bdp
Prophecy of the Sisters,Michelle Zink,www.abebooks.com/servlet/BookDetailsPL?bi=32251465650&cm_sp=collections-_-2Qx53CQxmNhDlXOr4TzlU7_item_1_43-_-bdp
The Watcher,James Howe,www.abebooks.com/servlet/BookDetailsPL?bi=31858990590&cm_sp=collections-_-2Qx53CQxmNhDlXOr4TzlU7_item_1_44-_-bdp
When It Happens,Susane Colasanti,www.abebooks.com/servlet/BookDetailsPL?bi=31965637560&cm_sp=collections-_-2Qx53CQxmNhDlXOr4TzlU7_item_1_45-_-bdp
Christopher Killer,Alane Ferguson,www.abebooks.com/servlet/BookDetailsPL?bi=32024497850&cm_sp=collections-_-2Qx53CQxmNhDlXOr4TzlU7_item_1_46-_-bdp
Linger,Maggie Stiefvater,www.abebooks.com/servlet/BookDetailsPL?bi=32385927912&cm_sp=collections-_-2Qx53CQxmNhDlXOr4TzlU7_item_1_47-_-bdp
Evercrossed (Kissed by an Angel),Elizabeth Chandler,www.abebooks.com/servlet/BookDetailsPL?bi=32116491854&cm_sp=collections-_-2Qx53CQxmNhDlXOr4TzlU7_item_1_48-_-bdp
Sweet Little Lies: An L.A. Candy Novel,Lauren Conrad,www.abebooks.com/servlet/BookDetailsPL?bi=31808585594&cm_sp=collections-_-2Qx53CQxmNhDlXOr4TzlU7_item_1_49-_-bdp
Warrior,Beverly Davis,www.abebooks.com/servlet/BookDetailsPL?bi=32254788332&cm_sp=collections-_-2Qx53CQxmNhDlXOr4TzlU7_item_1_50-_-bdp
Peter and the Shadow Thieves,"Dave Barry,Ridley Pearson",www.abebooks.com/servlet/BookDetailsPL?bi=32404608484&cm_sp=collections-_-2Qx53CQxmNhDlXOr4TzlU7_item_1_51-_-bdp
Crystal Kingdom: The Kanin Chronicles (from the World of the Trylle),Amanda Hocking,www.abebooks.com/servlet/BookDetailsPL?bi=32133705456&cm_sp=collections-_-2Qx53CQxmNhDlXOr4TzlU7_item_1_52-_-bdp
Shadowmancer,G. P. Taylor,www.abebooks.com/servlet/BookDetailsPL?bi=32341009701&cm_sp=collections-_-2Qx53CQxmNhDlXOr4TzlU7_item_1_53-_-bdp
Z,Michael Thomas Ford,www.abebooks.com/servlet/BookDetailsPL?bi=32342752988&cm_sp=collections-_-2Qx53CQxmNhDlXOr4TzlU7_item_1_54-_-bdp
The Brooklyn Nine,Alan Gratz,www.abebooks.com/servlet/BookDetailsPL?bi=32107479990&cm_sp=collections-_-2Qx53CQxmNhDlXOr4TzlU7_item_1_55-_-bdp
Fangirl,Rainbow Rowell,www.abebooks.com/servlet/BookDetailsPL?bi=32205622214&cm_sp=collections-_-2Qx53CQxmNhDlXOr4TzlU7_item_1_56-_-bdp
Fathom Five,Robert Westall,www.abebooks.com/servlet/BookDetailsPL?bi=32338036807&cm_sp=collections-_-2Qx53CQxmNhDlXOr4TzlU7_item_1_57-_-bdp
H2O,Virginia Bergin,www.abebooks.com/servlet/BookDetailsPL?bi=32252581363&cm_sp=collections-_-2Qx53CQxmNhDlXOr4TzlU7_item_1_58-_-bdp
Wormwood,G P Taylor,www.abebooks.com/servlet/BookDetailsPL?bi=32341019122&cm_sp=collections-_-2Qx53CQxmNhDlXOr4TzlU7_item_1_59-_-bdp
Stephanie Lane; Editorial Secretary (inscribed by the author),Betty E. Haughey,www.abebooks.com/servlet/BookDetailsPL?bi=32368484383&cm_sp=collections-_-3Cgz5hw9yUpCe8NMphPhad_item_1_1-_-bdp
The Thickety: A Path Begins (signed first edition),J.A. White,www.abebooks.com/servlet/BookDetailsPL?bi=30986270584&cm_sp=collections-_-3Cgz5hw9yUpCe8NMphPhad_item_1_2-_-bdp
"Little Fish: A Memoir From a Different Kind of Year (Signed & inscribed, with a small illustration)",Ramsey Beyer,www.abebooks.com/servlet/BookDetailsPL?bi=32254245121&cm_sp=collections-_-3Cgz5hw9yUpCe8NMphPhad_item_1_3-_-bdp
Sugar Bush,Dorothea Dana,www.abebooks.com/servlet/BookDetailsPL?bi=32296941942&cm_sp=collections-_-3Cgz5hw9yUpCe8NMphPhad_item_1_4-_-bdp
On Raven's Wings (SIGNED),M.B. Calahorrano,www.abebooks.com/servlet/BookDetailsPL?bi=32275581440&cm_sp=collections-_-3Cgz5hw9yUpCe8NMphPhad_item_1_5-_-bdp
The Silver Hood: A Novel (signed & inscribed by the author),Justin Richman,www.abebooks.com/servlet/BookDetailsPL?bi=31767107406&cm_sp=collections-_-3Cgz5hw9yUpCe8NMphPhad_item_1_6-_-bdp
Bigfoot And Other Tales of the Supernatural (SIGNED & INSCRIBED),Josh Pritchett,www.abebooks.com/servlet/BookDetailsPL?bi=31951280696&cm_sp=collections-_-3Cgz5hw9yUpCe8NMphPhad_item_1_7-_-bdp
Grave Whispers (SIGNED & INSCRIBED),Ryan B. Clark,www.abebooks.com/servlet/BookDetailsPL?bi=32280321644&cm_sp=collections-_-3Cgz5hw9yUpCe8NMphPhad_item_1_8-_-bdp
Wicked: A Pretty Little Liars Box Set (Set of 4),Sara Shepard,www.abebooks.com/servlet/BookDetailsPL?bi=32365882899&cm_sp=collections-_-3Cgz5hw9yUpCe8NMphPhad_item_1_9-_-bdp
With Wane at Fallen Timbers,Charles F. Lender,www.abebooks.com/servlet/BookDetailsPL?bi=32368483637&cm_sp=collections-_-3Cgz5hw9yUpCe8NMphPhad_item_1_10-_-bdp
The Meeker Massacre,"Wayne D. Overholser, Lewis B. patten",www.abebooks.com/servlet/BookDetailsPL?bi=32087689527&cm_sp=collections-_-3Cgz5hw9yUpCe8NMphPhad_item_1_11-_-bdp
Pretty Little Liars: Ali's Pretty Little Lies (Pretty Little Secrets),Sara Shepard,www.abebooks.com/servlet/BookDetailsPL?bi=30863106403&cm_sp=collections-_-3Cgz5hw9yUpCe8NMphPhad_item_1_12-_-bdp
"Stunning (Pretty Little Liars, Book 11)",Sara Shepard,www.abebooks.com/servlet/BookDetailsPL?bi=30863106404&cm_sp=collections-_-3Cgz5hw9yUpCe8NMphPhad_item_1_13-_-bdp
Pal O'Mine: King Of The Turf,Clarence Hawkes,www.abebooks.com/servlet/BookDetailsPL?bi=32399547798&cm_sp=collections-_-3Cgz5hw9yUpCe8NMphPhad_item_1_14-_-bdp
The Battle for the Atlantic (Landmark Books No. 87),Jay Williams,www.abebooks.com/servlet/BookDetailsPL?bi=32282910150&cm_sp=collections-_-3Cgz5hw9yUpCe8NMphPhad_item_1_15-_-bdp
The Beggars' Penny,Catherine Cate Coblentz,www.abebooks.com/servlet/BookDetailsPL?bi=32406238310&cm_sp=collections-_-3Cgz5hw9yUpCe8NMphPhad_item_1_16-_-bdp
"Pretty Little Secrets, Book 1 Pretty Little Liars Collection)",Sara Shepard,www.abebooks.com/servlet/BookDetailsPL?bi=30863113955&cm_sp=collections-_-3Cgz5hw9yUpCe8NMphPhad_item_1_17-_-bdp
Fallout (Lois Lane),Gwenda Bond,www.abebooks.com/servlet/BookDetailsPL?bi=30898578402&cm_sp=collections-_-3Cgz5hw9yUpCe8NMphPhad_item_1_18-_-bdp
Red Queen,Victoria Aveyard,www.abebooks.com/servlet/BookDetailsPL?bi=32403040070&cm_sp=collections-_-3Cgz5hw9yUpCe8NMphPhad_item_1_19-_-bdp
The Man in the Ceiling,Jules Feiffer,www.abebooks.com/servlet/BookDetailsPL?bi=32157823298&cm_sp=collections-_-3Cgz5hw9yUpCe8NMphPhad_item_1_20-_-bdp
The Black Tattoo,Sam Enthoven,www.abebooks.com/servlet/BookDetailsPL?bi=31646777715&cm_sp=collections-_-3Cgz5hw9yUpCe8NMphPhad_item_1_21-_-bdp
"Ragged Dick, Fame and Fortune, Mark the Match Boy: Stories of Success (The Horation Alger Series)",(Horation Alger),www.abebooks.com/servlet/BookDetailsPL?bi=32357966682&cm_sp=collections-_-3Cgz5hw9yUpCe8NMphPhad_item_1_22-_-bdp
Goy Crazy,Melissa Schorr,www.abebooks.com/servlet/BookDetailsPL?bi=32049529213&cm_sp=collections-_-3Cgz5hw9yUpCe8NMphPhad_item_1_23-_-bdp
Bollywood Invasion,Ricardo Alexanders,www.abebooks.com/servlet/BookDetailsPL?bi=31713607117&cm_sp=collections-_-3Cgz5hw9yUpCe8NMphPhad_item_1_24-_-bdp
The Glass Spare (SIGNED),Lauren Destefano,www.abebooks.com/servlet/BookDetailsPL?bi=32275514972&cm_sp=collections-_-3Cgz5hw9yUpCe8NMphPhad_item_1_25-_-bdp
"Love, Inc.; Your Relationship is Our Business",Yvonne Collins; Sandy Rideout,www.abebooks.com/servlet/BookDetailsPL?bi=32232148900&cm_sp=collections-_-3Cgz5hw9yUpCe8NMphPhad_item_1_26-_-bdp
John F. Kennedy and PT-109 (Landmark Book No. 99),Richard Tregaskis,www.abebooks.com/servlet/BookDetailsPL?bi=32283848281&cm_sp=collections-_-3Cgz5hw9yUpCe8NMphPhad_item_1_27-_-bdp
Good-by My Shadow (in original dust jacket),Mary Stolz,www.abebooks.com/servlet/BookDetailsPL?bi=32139354574&cm_sp=collections-_-3Cgz5hw9yUpCe8NMphPhad_item_1_28-_-bdp
After Hours at the Almost Home (uncorrected proof),Tara Yellen,www.abebooks.com/servlet/BookDetailsPL?bi=32163627186&cm_sp=collections-_-3Cgz5hw9yUpCe8NMphPhad_item_1_29-_-bdp
Curse of the Night Witch (Emblem Island #1),Alex Aster,www.abebooks.com/servlet/BookDetailsPL?bi=32398082225&cm_sp=collections-_-3Cgz5hw9yUpCe8NMphPhad_item_1_30-_-bdp
Charlotte Cuts It Out,K.A. Barson,www.abebooks.com/servlet/BookDetailsPL?bi=32403037100&cm_sp=collections-_-3Cgz5hw9yUpCe8NMphPhad_item_1_31-_-bdp
The Wolf's Boy,Susan Williams Beckhorn,www.abebooks.com/servlet/BookDetailsPL?bi=32403040069&cm_sp=collections-_-3Cgz5hw9yUpCe8NMphPhad_item_1_32-_-bdp
Entangled; A Collection of Dark Tales,Travis Little,www.abebooks.com/servlet/BookDetailsPL?bi=31597467596&cm_sp=collections-_-3Cgz5hw9yUpCe8NMphPhad_item_1_33-_-bdp
"Hello, Goodbye, and Everything In Between",Jennifer E. Smith,www.abebooks.com/servlet/BookDetailsPL?bi=17800446674&cm_sp=collections-_-1Lj6oJeWV6WtyarzRCFud_item_1_1-_-bdp
The Fault in our Stars,"Green, John",www.abebooks.com/servlet/BookDetailsPL?bi=13008099897&cm_sp=collections-_-1Lj6oJeWV6WtyarzRCFud_item_1_2-_-bdp
Wonder Struck,Brian Selznick,www.abebooks.com/servlet/BookDetailsPL?bi=30999442484&cm_sp=collections-_-1Lj6oJeWV6WtyarzRCFud_item_1_3-_-bdp
The Time Fetch,"Herrick, Amy",www.abebooks.com/servlet/BookDetailsPL?bi=11158743184&cm_sp=collections-_-1Lj6oJeWV6WtyarzRCFud_item_1_4-_-bdp
The Big Over Easy,"Fforde, Jasper",www.abebooks.com/servlet/BookDetailsPL?bi=11158743185&cm_sp=collections-_-1Lj6oJeWV6WtyarzRCFud_item_1_5-_-bdp
The Eternity Code,"Colfer, Eoin",www.abebooks.com/servlet/BookDetailsPL?bi=31743827181&cm_sp=collections-_-1Lj6oJeWV6WtyarzRCFud_item_1_6-_-bdp
Need,Joelle Charbonneau,www.abebooks.com/servlet/BookDetailsPL?bi=18219590146&cm_sp=collections-_-1Lj6oJeWV6WtyarzRCFud_item_1_7-_-bdp
Mockingbird,Kathryn Erskine,www.abebooks.com/servlet/BookDetailsPL?bi=30376018716&cm_sp=collections-_-1Lj6oJeWV6WtyarzRCFud_item_1_8-_-bdp
The Rig,"Ducie, Joe",www.abebooks.com/servlet/BookDetailsPL?bi=30837322335&cm_sp=collections-_-20RjSKre2hFMGBxIcNYe3P_item_1_1-_-bdp
Valkyrie: Book 1,Kate O'Hearn,www.abebooks.com/servlet/BookDetailsPL?bi=30837634142&cm_sp=collections-_-20RjSKre2hFMGBxIcNYe3P_item_1_2-_-bdp
Just in Case,"Rosoff, Meg",www.abebooks.com/servlet/BookDetailsPL?bi=30996734980&cm_sp=collections-_-20RjSKre2hFMGBxIcNYe3P_item_1_3-_-bdp
Eragon: Book One: 1/4 (The Inheritance Cycle),"Paolini, Christopher",www.abebooks.com/servlet/BookDetailsPL?bi=30835965150&cm_sp=collections-_-20RjSKre2hFMGBxIcNYe3P_item_1_4-_-bdp
Noughts & Crosses: Book 1 (Part1 of Noughts & Crosses Trilogy),"Blackman, Malorie",www.abebooks.com/servlet/BookDetailsPL?bi=30836810272&cm_sp=collections-_-20RjSKre2hFMGBxIcNYe3P_item_1_5-_-bdp
"Scarlet (Lunar Chronicles, Book 2)",Marissa Meyer,www.abebooks.com/servlet/BookDetailsPL?bi=30996727400&cm_sp=collections-_-20RjSKre2hFMGBxIcNYe3P_item_1_6-_-bdp
Fire and Hemlock,"Jones, Diana Wynne",www.abebooks.com/servlet/BookDetailsPL?bi=31411266325&cm_sp=collections-_-20RjSKre2hFMGBxIcNYe3P_item_1_7-_-bdp
Rebel of the Sands (Rebel of the Sands Trilogy),"Hamilton, Alwyn",www.abebooks.com/servlet/BookDetailsPL?bi=30836820150&cm_sp=collections-_-20RjSKre2hFMGBxIcNYe3P_item_1_8-_-bdp
"Sabriel (Abhorsen Trilogy, Bk. 1)","Nix, Garth",www.abebooks.com/servlet/BookDetailsPL?bi=30996725524&cm_sp=collections-_-20RjSKre2hFMGBxIcNYe3P_item_1_9-_-bdp
The Invasion of the Tearling: (The Tearling Trilogy 2),"Johansen, Erika",www.abebooks.com/servlet/BookDetailsPL?bi=30836808608&cm_sp=collections-_-20RjSKre2hFMGBxIcNYe3P_item_1_10-_-bdp
Bend It Like Beckham,"Dhami, Narinder",www.abebooks.com/servlet/BookDetailsPL?bi=30837580712&cm_sp=collections-_-20RjSKre2hFMGBxIcNYe3P_item_1_11-_-bdp
The New Policeman (The New Policeman Trilogy),"Thompson, Kate",www.abebooks.com/servlet/BookDetailsPL?bi=30850657595&cm_sp=collections-_-20RjSKre2hFMGBxIcNYe3P_item_1_12-_-bdp
The Carrie Diaries: 01 (Carrie Diaries (Quality)),"Bushnell, Candace",www.abebooks.com/servlet/BookDetailsPL?bi=30850882175&cm_sp=collections-_-20RjSKre2hFMGBxIcNYe3P_item_1_13-_-bdp
The Host,"Meyer, Stephenie",www.abebooks.com/servlet/BookDetailsPL?bi=30837334074&cm_sp=collections-_-20RjSKre2hFMGBxIcNYe3P_item_1_14-_-bdp
The Apple Tart of Hope,"Moore Fitzgerald, Sarah",www.abebooks.com/servlet/BookDetailsPL?bi=30996725525&cm_sp=collections-_-20RjSKre2hFMGBxIcNYe3P_item_1_15-_-bdp
Shift,"Bailey, Em",www.abebooks.com/servlet/BookDetailsPL?bi=30837572691&cm_sp=collections-_-20RjSKre2hFMGBxIcNYe3P_item_1_16-_-bdp
The First Assistant: A Continuing Tale from Behind the Hollywood Curtain,"Naylor, Clare; Hare, Mimi",www.abebooks.com/servlet/BookDetailsPL?bi=30837623847&cm_sp=collections-_-20RjSKre2hFMGBxIcNYe3P_item_1_17-_-bdp
Enders (Starters),"Price, Lissa",www.abebooks.com/servlet/BookDetailsPL?bi=30837589257&cm_sp=collections-_-20RjSKre2hFMGBxIcNYe3P_item_1_18-_-bdp
The Tin Princess (A Sally Lockhart Mystery),"Pullman, Philip",www.abebooks.com/servlet/BookDetailsPL?bi=30850816369&cm_sp=collections-_-20RjSKre2hFMGBxIcNYe3P_item_1_19-_-bdp
ACID,"Pass, Emma",www.abebooks.com/servlet/BookDetailsPL?bi=30837572576&cm_sp=collections-_-20RjSKre2hFMGBxIcNYe3P_item_1_20-_-bdp
The Novice: Book 2 of the Black Magician (Black Magician Trilogy),"Canavan, Trudi",www.abebooks.com/servlet/BookDetailsPL?bi=30996734024&cm_sp=collections-_-20RjSKre2hFMGBxIcNYe3P_item_1_21-_-bdp
Muddle Earth,"Stewart, Paul; Riddell, Chris",www.abebooks.com/servlet/BookDetailsPL?bi=31143439226&cm_sp=collections-_-20RjSKre2hFMGBxIcNYe3P_item_1_22-_-bdp
The Glittering Eye,"Adlington, L.J.",www.abebooks.com/servlet/BookDetailsPL?bi=30996726174&cm_sp=collections-_-20RjSKre2hFMGBxIcNYe3P_item_1_23-_-bdp
These Broken Stars,Amie Kaufman,www.abebooks.com/servlet/BookDetailsPL?bi=30836138379&cm_sp=collections-_-20RjSKre2hFMGBxIcNYe3P_item_1_24-_-bdp
Run (A Vengeance Novel),"Olsen, Gregg",www.abebooks.com/servlet/BookDetailsPL?bi=30837580815&cm_sp=collections-_-20RjSKre2hFMGBxIcNYe3P_item_1_25-_-bdp
Blue Sky Freedom,Gaby Halberstam,www.abebooks.com/servlet/BookDetailsPL?bi=30850816368&cm_sp=collections-_-20RjSKre2hFMGBxIcNYe3P_item_1_26-_-bdp
The Breakfast Club: Natalie's Bridesmaid Blues: Book 2,"Costelloe, Kate",www.abebooks.com/servlet/BookDetailsPL?bi=30996732925&cm_sp=collections-_-20RjSKre2hFMGBxIcNYe3P_item_1_27-_-bdp
Smokescreen,"Ashley, Bernard",www.abebooks.com/servlet/BookDetailsPL?bi=30996729110&cm_sp=collections-_-20RjSKre2hFMGBxIcNYe3P_item_1_28-_-bdp
The Queen Of The Tearling: (The Tearling Trilogy 1),"Johansen, Erika",www.abebooks.com/servlet/BookDetailsPL?bi=30836140186&cm_sp=collections-_-20RjSKre2hFMGBxIcNYe3P_item_1_29-_-bdp
Apple and Rain,Sarah Crossan,www.abebooks.com/servlet/BookDetailsPL?bi=30996735362&cm_sp=collections-_-20RjSKre2hFMGBxIcNYe3P_item_1_30-_-bdp
Crimson Bound,"Hodge, Rosamund",www.abebooks.com/servlet/BookDetailsPL?bi=30838314298&cm_sp=collections-_-20RjSKre2hFMGBxIcNYe3P_item_1_31-_-bdp
Sebastian Darke: Prince of Fools,"Caveney, Philip",www.abebooks.com/servlet/BookDetailsPL?bi=30996738399&cm_sp=collections-_-20RjSKre2hFMGBxIcNYe3P_item_1_32-_-bdp
The Ruby in the Smoke (Point),"Pullman, Philip",www.abebooks.com/servlet/BookDetailsPL?bi=30835951852&cm_sp=collections-_-20RjSKre2hFMGBxIcNYe3P_item_1_33-_-bdp
Few are Chosen (K'Barthan Trilogy Part I): 1,M T McGuire,www.abebooks.com/servlet/BookDetailsPL?bi=30837632450&cm_sp=collections-_-20RjSKre2hFMGBxIcNYe3P_item_1_34-_-bdp
Prairie Whispers,"Arrington, Frances",www.abebooks.com/servlet/BookDetailsPL?bi=31072550348&cm_sp=collections-_-20RjSKre2hFMGBxIcNYe3P_item_1_35-_-bdp
Halo,"Corder, Zizou",www.abebooks.com/servlet/BookDetailsPL?bi=30837635918&cm_sp=collections-_-20RjSKre2hFMGBxIcNYe3P_item_1_36-_-bdp
The Brass Key: 2 (The Book of Lowmoor),"Poole, Richard",www.abebooks.com/servlet/BookDetailsPL?bi=30836824096&cm_sp=collections-_-20RjSKre2hFMGBxIcNYe3P_item_1_37-_-bdp
Wither: Book 1 (The Chemical Garden),"DeStefano, Lauren",www.abebooks.com/servlet/BookDetailsPL?bi=30838684630&cm_sp=collections-_-20RjSKre2hFMGBxIcNYe3P_item_1_38-_-bdp
"Bungalow Mystery, The","Keene, Carolyn",www.abebooks.com/servlet/BookDetailsPL?bi=31571888640&cm_sp=collections-_-1PZ2ivZbM48CpqpdgEAIrF_item_1_1-_-bdp
"Hidden Staircase, The","Keene, Carolyn",www.abebooks.com/servlet/BookDetailsPL?bi=31572082093&cm_sp=collections-_-1PZ2ivZbM48CpqpdgEAIrF_item_1_2-_-bdp
Nancy's Mysterious Letter,"Keene, Carolyn",www.abebooks.com/servlet/BookDetailsPL?bi=32092026998&cm_sp=collections-_-1PZ2ivZbM48CpqpdgEAIrF_item_1_3-_-bdp
"Secret of Red Gate Farm, The","Keene, Carolyn",www.abebooks.com/servlet/BookDetailsPL?bi=31571889592&cm_sp=collections-_-1PZ2ivZbM48CpqpdgEAIrF_item_1_4-_-bdp
"Mystery Of The Brass-Bound Trunk, The","Keene, Carolyn",www.abebooks.com/servlet/BookDetailsPL?bi=31572060061&cm_sp=collections-_-1PZ2ivZbM48CpqpdgEAIrF_item_1_5-_-bdp
"Haunted Bridge, The","Keene, Carolyn",www.abebooks.com/servlet/BookDetailsPL?bi=31572053818&cm_sp=collections-_-1PZ2ivZbM48CpqpdgEAIrF_item_1_6-_-bdp
"Mystery Of The Ivory Charm, The","Keene, Carolyn",www.abebooks.com/servlet/BookDetailsPL?bi=31572061373&cm_sp=collections-_-1PZ2ivZbM48CpqpdgEAIrF_item_1_7-_-bdp
Mystery Of The Moss-Covered Mansion,"Keene, Carolyn",www.abebooks.com/servlet/BookDetailsPL?bi=31780516466&cm_sp=collections-_-1PZ2ivZbM48CpqpdgEAIrF_item_1_8-_-bdp
"Mystery Of The Brass-Bound Trunk, The","Keene, Carolyn",www.abebooks.com/servlet/BookDetailsPL?bi=31572039874&cm_sp=collections-_-1PZ2ivZbM48CpqpdgEAIrF_item_1_9-_-bdp
"Thirteenth Pearl, The","Keene, Carolyn",www.abebooks.com/servlet/BookDetailsPL?bi=31780514511&cm_sp=collections-_-1PZ2ivZbM48CpqpdgEAIrF_item_1_10-_-bdp
"Mystery Of The Brass-Bound Trunk, The","Keene, Carolyn",www.abebooks.com/servlet/BookDetailsPL?bi=32092013579&cm_sp=collections-_-1PZ2ivZbM48CpqpdgEAIrF_item_1_11-_-bdp
Mystery At The Ski Jump,"Keene, Carolyn",www.abebooks.com/servlet/BookDetailsPL?bi=32092026111&cm_sp=collections-_-1PZ2ivZbM48CpqpdgEAIrF_item_1_12-_-bdp
"Secret In The Old Lace, The","Keene, Carolyn",www.abebooks.com/servlet/BookDetailsPL?bi=31572077805&cm_sp=collections-_-1PZ2ivZbM48CpqpdgEAIrF_item_1_13-_-bdp
"Fashion Disaster, The","Keene, Carolyn",www.abebooks.com/servlet/BookDetailsPL?bi=31572035206&cm_sp=collections-_-1PZ2ivZbM48CpqpdgEAIrF_item_1_14-_-bdp
Haunting Of Horse Island,"Keene, Carolyn",www.abebooks.com/servlet/BookDetailsPL?bi=31572080530&cm_sp=collections-_-1PZ2ivZbM48CpqpdgEAIrF_item_1_15-_-bdp
Crime In The Queen's Court,"Keene, Carolyn",www.abebooks.com/servlet/BookDetailsPL?bi=31571915337&cm_sp=collections-_-1PZ2ivZbM48CpqpdgEAIrF_item_1_16-_-bdp
Fatal Attraction,"Keene, Carolyn",www.abebooks.com/servlet/BookDetailsPL?bi=31571838650&cm_sp=collections-_-1PZ2ivZbM48CpqpdgEAIrF_item_1_17-_-bdp
Sky Horizon (Colony High),David Brin,www.abebooks.com/servlet/BookDetailsPL?bi=31734878941&cm_sp=collections-_-2zSDVYZ3FDkmz2REniOUoF_item_1_1-_-bdp
Interworld,Neil Gaiman; Michael Reaves,www.abebooks.com/servlet/BookDetailsPL?bi=31730281488&cm_sp=collections-_-2zSDVYZ3FDkmz2REniOUoF_item_1_2-_-bdp
Sunrise on the Reaping (A Hunger Games Novel) (The Hunger Games),"Collins, Suzanne",www.abebooks.com/servlet/BookDetailsPL?bi=32156810160&cm_sp=collections-_-2zSDVYZ3FDkmz2REniOUoF_item_1_3-_-bdp
Wonder,"Palacio, R. J.",www.abebooks.com/servlet/BookDetailsPL?bi=31463439704&cm_sp=collections-_-2zSDVYZ3FDkmz2REniOUoF_item_1_4-_-bdp
"The Giver (Giver Quartet, 1)","Lowry, Lois",www.abebooks.com/servlet/BookDetailsPL?bi=31179830241&cm_sp=collections-_-2zSDVYZ3FDkmz2REniOUoF_item_1_5-_-bdp
Alone: The Journey of the Boy Sims,Alan K. Garinger,www.abebooks.com/servlet/BookDetailsPL?bi=32265570780&cm_sp=collections-_-2zSDVYZ3FDkmz2REniOUoF_item_1_6-_-bdp
The Invention of Hugo Cabret,"Selznick, Brian",www.abebooks.com/servlet/BookDetailsPL?bi=32165503743&cm_sp=collections-_-2zSDVYZ3FDkmz2REniOUoF_item_1_7-_-bdp
The Adventures of Huckleberry Finn (Tor Classics),"Twain, Mark",www.abebooks.com/servlet/BookDetailsPL?bi=32109863958&cm_sp=collections-_-2zSDVYZ3FDkmz2REniOUoF_item_1_8-_-bdp
Be Careful What You Wish For (Classic Goosebumps #7) (7),"Stine, R. L.",www.abebooks.com/servlet/BookDetailsPL?bi=32138595906&cm_sp=collections-_-2zSDVYZ3FDkmz2REniOUoF_item_1_9-_-bdp
Deep Trouble (Classic Goosebumps #2) (2),R.L. Stine,www.abebooks.com/servlet/BookDetailsPL?bi=32074676632&cm_sp=collections-_-2zSDVYZ3FDkmz2REniOUoF_item_1_10-_-bdp
Say Cheese and Die! (Classic Goosebumps #8) (8),"Stine, R. L.",www.abebooks.com/servlet/BookDetailsPL?bi=32074606628&cm_sp=collections-_-2zSDVYZ3FDkmz2REniOUoF_item_1_11-_-bdp
"Patty and Jo, Detectives","Wright, Elsie",www.abebooks.com/servlet/BookDetailsPL?bi=31087046610&cm_sp=collections-_-2zSDVYZ3FDkmz2REniOUoF_item_1_12-_-bdp
Death and Diamonds (Hardy Boys All New Undercover Brothers #15),"Dixon, Franklin W.",www.abebooks.com/servlet/BookDetailsPL?bi=31994633196&cm_sp=collections-_-2zSDVYZ3FDkmz2REniOUoF_item_1_13-_-bdp
Ella & the Canary Prince,"Cadnum, Michael",www.abebooks.com/servlet/BookDetailsPL?bi=32352636896&cm_sp=collections-_-2zSDVYZ3FDkmz2REniOUoF_item_1_14-_-bdp
Dale of the Mounted: Sub Hunt,"Holliday, Joe",www.abebooks.com/servlet/BookDetailsPL?bi=31087049297&cm_sp=collections-_-2zSDVYZ3FDkmz2REniOUoF_item_1_15-_-bdp
A Monster Calls: Inspired by an idea from Siobhan Dowd,"Ness, Patrick",www.abebooks.com/servlet/BookDetailsPL?bi=31179835182&cm_sp=collections-_-2zSDVYZ3FDkmz2REniOUoF_item_1_16-_-bdp
Burn,Julianna Baggott,www.abebooks.com/servlet/BookDetailsPL?bi=32109974653&cm_sp=collections-_-2zSDVYZ3FDkmz2REniOUoF_item_1_17-_-bdp
"Gregor And The Marks Of Secret (Underland Chronicles, Book 4)","Collins, Suzanne",www.abebooks.com/servlet/BookDetailsPL?bi=32132236549&cm_sp=collections-_-2zSDVYZ3FDkmz2REniOUoF_item_1_18-_-bdp
Cheaper by the dozen,"Gilbreth, Frank B",www.abebooks.com/servlet/BookDetailsPL?bi=32308302611&cm_sp=collections-_-2zSDVYZ3FDkmz2REniOUoF_item_1_19-_-bdp
"The Rich Girl (Fear Street, No. 44)",R. L. Stine,www.abebooks.com/servlet/BookDetailsPL?bi=31339203205&cm_sp=collections-_-2zSDVYZ3FDkmz2REniOUoF_item_1_20-_-bdp
Alice's Adventures in Wonderland and Other Stories,Lewis Carroll; John Tenniel,www.abebooks.com/servlet/BookDetailsPL?bi=31994532030&cm_sp=collections-_-2zSDVYZ3FDkmz2REniOUoF_item_1_21-_-bdp
"A Magical Yearbook: A Cinematic Journey: Imagine, Draw, Create (J.K. Rowling's Wizarding World): ...","Stead, Emily",www.abebooks.com/servlet/BookDetailsPL?bi=31372410952&cm_sp=collections-_-2zSDVYZ3FDkmz2REniOUoF_item_1_22-_-bdp
"The Haunted Fort (Hardy Boys, Book 44)",Franklin W. Dixon,www.abebooks.com/servlet/BookDetailsPL?bi=32041100783&cm_sp=collections-_-2zSDVYZ3FDkmz2REniOUoF_item_1_23-_-bdp
Moby Dick (The Great Classic for Children),Herman Melville,www.abebooks.com/servlet/BookDetailsPL?bi=31419466568&cm_sp=collections-_-2zSDVYZ3FDkmz2REniOUoF_item_1_24-_-bdp
Lewis Carroll's The Hunting of the Snark: The Annotated Snark,"Carroll, Lewis",www.abebooks.com/servlet/BookDetailsPL?bi=32326784403&cm_sp=collections-_-2zSDVYZ3FDkmz2REniOUoF_item_1_25-_-bdp
"All-Night Party (Fear Street, No. 43)","Stine, R.L.",www.abebooks.com/servlet/BookDetailsPL?bi=31993169393&cm_sp=collections-_-2zSDVYZ3FDkmz2REniOUoF_item_1_26-_-bdp
Dead and Gone,CHARLAINE HARRIS,www.abebooks.com/servlet/BookDetailsPL?bi=31811500251&cm_sp=collections-_-2zSDVYZ3FDkmz2REniOUoF_item_1_27-_-bdp
Acorna's World (The Acorna),Anne McCaffrey; Elizabeth Ann Scarborough,www.abebooks.com/servlet/BookDetailsPL?bi=31724992900&cm_sp=collections-_-2zSDVYZ3FDkmz2REniOUoF_item_1_28-_-bdp
The Beast of Noor,"Carey, Janet Lee",www.abebooks.com/servlet/BookDetailsPL?bi=31278825591&cm_sp=collections-_-2zSDVYZ3FDkmz2REniOUoF_item_1_29-_-bdp
The Adventures of Huckleberry Finn (Tor Classics),"Twain, Mark",www.abebooks.com/servlet/BookDetailsPL?bi=32109135042&cm_sp=collections-_-2zSDVYZ3FDkmz2REniOUoF_item_1_30-_-bdp
The Secret Garden,"Molleson, Diane; Thompson, Caroline; Burnett, Frances Hod...",www.abebooks.com/servlet/BookDetailsPL?bi=32373572888&cm_sp=collections-_-2zSDVYZ3FDkmz2REniOUoF_item_1_31-_-bdp
Stay Out of the Basement (Classic Goosebumps #22) (22),"Stine, R. L.",www.abebooks.com/servlet/BookDetailsPL?bi=32074672664&cm_sp=collections-_-2zSDVYZ3FDkmz2REniOUoF_item_1_32-_-bdp
Dead Ever After (Sookie Stackhouse/True Blood),"Harris, Charlaine",www.abebooks.com/servlet/BookDetailsPL?bi=31786505915&cm_sp=collections-_-2zSDVYZ3FDkmz2REniOUoF_item_1_33-_-bdp
Stay Out of the Basement (Classic Goosebumps #22) (22),"Stine, R. L.",www.abebooks.com/servlet/BookDetailsPL?bi=32138569550&cm_sp=collections-_-2zSDVYZ3FDkmz2REniOUoF_item_1_34-_-bdp
Little Colonel at Boarding School,"Johnston, Annie Fellows",www.abebooks.com/servlet/BookDetailsPL?bi=31428562950&cm_sp=collections-_-2zSDVYZ3FDkmz2REniOUoF_item_1_35-_-bdp
Zen and the Art of Faking It,"Sonnenblick, Jordan",www.abebooks.com/servlet/BookDetailsPL?bi=32138586988&cm_sp=collections-_-2zSDVYZ3FDkmz2REniOUoF_item_1_36-_-bdp
"Upstairs Room, The","Reiss, Johanna",www.abebooks.com/servlet/BookDetailsPL?bi=31571833251&cm_sp=collections-_-14VRIYkA2Jf271lv89QXVu_item_1_1-_-bdp
Little Crow,"Swain, Gwenyth",www.abebooks.com/servlet/BookDetailsPL?bi=31572044769&cm_sp=collections-_-14VRIYkA2Jf271lv89QXVu_item_1_2-_-bdp
Tweak: Growing Up On Methamphetamines,"Sheff, Nic",www.abebooks.com/servlet/BookDetailsPL?bi=31572047374&cm_sp=collections-_-14VRIYkA2Jf271lv89QXVu_item_1_3-_-bdp
The Girls' Book: How to Be the Best at Everything,"Foster, Juliana",www.abebooks.com/servlet/BookDetailsPL?bi=31572035662&cm_sp=collections-_-14VRIYkA2Jf271lv89QXVu_item_1_4-_-bdp
Greyfriars Bobby,"Atkinson, Eleanor",www.abebooks.com/servlet/BookDetailsPL?bi=31571829325&cm_sp=collections-_-14VRIYkA2Jf271lv89QXVu_item_1_5-_-bdp
What's Going on Down There?: Answers to Questions,"Gravelle, Karen",www.abebooks.com/servlet/BookDetailsPL?bi=31784582450&cm_sp=collections-_-14VRIYkA2Jf271lv89QXVu_item_1_6-_-bdp
Immigration Researching American History,"Deitch, Joanne Weisman",www.abebooks.com/servlet/BookDetailsPL?bi=31571920549&cm_sp=collections-_-14VRIYkA2Jf271lv89QXVu_item_1_7-_-bdp
Eclipse (Twilight),Stephenie Meyer,www.abebooks.com/servlet/BookDetailsPL?bi=32261219699&cm_sp=collections-_-13aw5YhyN4EXcoAKCtr44_item_1_1-_-bdp
Harry Potter and the Order of the Phoenix (Book 5),J. K. Rowling,www.abebooks.com/servlet/BookDetailsPL?bi=32324481909&cm_sp=collections-_-13aw5YhyN4EXcoAKCtr44_item_1_2-_-bdp
The Summer I Turned Pretty,Jenny Han,www.abebooks.com/servlet/BookDetailsPL?bi=32243035829&cm_sp=collections-_-13aw5YhyN4EXcoAKCtr44_item_1_3-_-bdp
We'll Always Have Summer (The Summer I Turned Pretty),Jenny Han,www.abebooks.com/servlet/BookDetailsPL?bi=32243027273&cm_sp=collections-_-13aw5YhyN4EXcoAKCtr44_item_1_4-_-bdp
The Perks of Being a Wallflower,Stephen Chbosky,www.abebooks.com/servlet/BookDetailsPL?bi=31469934770&cm_sp=collections-_-13aw5YhyN4EXcoAKCtr44_item_1_5-_-bdp
It's Not Summer Without You,Jenny Han,www.abebooks.com/servlet/BookDetailsPL?bi=32272234724&cm_sp=collections-_-13aw5YhyN4EXcoAKCtr44_item_1_6-_-bdp
Airborn,Kenneth Oppel,www.abebooks.com/servlet/BookDetailsPL?bi=30836001063&cm_sp=collections-_-13aw5YhyN4EXcoAKCtr44_item_1_7-_-bdp
"Breaking Dawn (The Twilight Saga, Book 4)",Stephenie Meyer,www.abebooks.com/servlet/BookDetailsPL?bi=32261223779&cm_sp=collections-_-13aw5YhyN4EXcoAKCtr44_item_1_8-_-bdp
The Fault in Our Stars,John Green,www.abebooks.com/servlet/BookDetailsPL?bi=32154949433&cm_sp=collections-_-13aw5YhyN4EXcoAKCtr44_item_1_9-_-bdp
Go Ask Alice,Anonymous,www.abebooks.com/servlet/BookDetailsPL?bi=32078417726&cm_sp=collections-_-13aw5YhyN4EXcoAKCtr44_item_1_10-_-bdp
I Am the Messenger,Markus Zusak,www.abebooks.com/servlet/BookDetailsPL?bi=32120564831&cm_sp=collections-_-13aw5YhyN4EXcoAKCtr44_item_1_11-_-bdp
City of Fallen Angels (4) (The Mortal Instruments),Cassandra Clare,www.abebooks.com/servlet/BookDetailsPL?bi=32400785370&cm_sp=collections-_-13aw5YhyN4EXcoAKCtr44_item_1_12-_-bdp
City of Heavenly Fire (The Mortal Instruments),Cassandra Clare,www.abebooks.com/servlet/BookDetailsPL?bi=32243040439&cm_sp=collections-_-13aw5YhyN4EXcoAKCtr44_item_1_13-_-bdp
City of Glass (The Mortal Instruments) Book Three,Cassandra Clare,www.abebooks.com/servlet/BookDetailsPL?bi=31141179782&cm_sp=collections-_-13aw5YhyN4EXcoAKCtr44_item_1_14-_-bdp
City of Glass (The Mortal Instruments) Book Three,Cassandra Clare,www.abebooks.com/servlet/BookDetailsPL?bi=31179997642&cm_sp=collections-_-13aw5YhyN4EXcoAKCtr44_item_1_15-_-bdp
City of Lost Souls (The Mortal Instruments),Cassandra Clare,www.abebooks.com/servlet/BookDetailsPL?bi=31308701187&cm_sp=collections-_-13aw5YhyN4EXcoAKCtr44_item_1_16-_-bdp
Clockwork Princess (3) (The Infernal Devices),Cassandra Clare,www.abebooks.com/servlet/BookDetailsPL?bi=31309776462&cm_sp=collections-_-13aw5YhyN4EXcoAKCtr44_item_1_17-_-bdp
"Marked (House of Night, Book 1)","P. C. Cast, Kristin Cast",www.abebooks.com/servlet/BookDetailsPL?bi=32321478269&cm_sp=collections-_-13aw5YhyN4EXcoAKCtr44_item_1_18-_-bdp
"Untamed (House of Night, Book 4)",P. C. Cast,www.abebooks.com/servlet/BookDetailsPL?bi=31517066840&cm_sp=collections-_-13aw5YhyN4EXcoAKCtr44_item_1_19-_-bdp
The Siege of Macindaw: Book Six (Ranger's Apprentice),John Flanagan,www.abebooks.com/servlet/BookDetailsPL?bi=31460610215&cm_sp=collections-_-13aw5YhyN4EXcoAKCtr44_item_1_20-_-bdp
Tilt,Ellen Hopkins,www.abebooks.com/servlet/BookDetailsPL?bi=31282963489&cm_sp=collections-_-13aw5YhyN4EXcoAKCtr44_item_1_21-_-bdp
"Independent Study: The Testing, Book 2",Joelle Charbonneau,www.abebooks.com/servlet/BookDetailsPL?bi=31109886579&cm_sp=collections-_-13aw5YhyN4EXcoAKCtr44_item_1_22-_-bdp
If There Be Thorns / Seeds of Yesterday (Dollanganger),V.C. Andrews,www.abebooks.com/servlet/BookDetailsPL?bi=31901389442&cm_sp=collections-_-13aw5YhyN4EXcoAKCtr44_item_1_23-_-bdp
Garden of Shadows (Dollanganger),V.C. Andrews,www.abebooks.com/servlet/BookDetailsPL?bi=31901388459&cm_sp=collections-_-13aw5YhyN4EXcoAKCtr44_item_1_24-_-bdp
Hunger,Michael Grant,www.abebooks.com/servlet/BookDetailsPL?bi=32315054969&cm_sp=collections-_-13aw5YhyN4EXcoAKCtr44_item_1_25-_-bdp
"Clockwork Angel (Infernal Devices, Book 1) (The Infernal Devices)",Cassandra Clare,www.abebooks.com/servlet/BookDetailsPL?bi=31141452616&cm_sp=collections-_-13aw5YhyN4EXcoAKCtr44_item_1_26-_-bdp
Seventeenth Summer,Maureen Daly,www.abebooks.com/servlet/BookDetailsPL?bi=32241106311&cm_sp=collections-_-13aw5YhyN4EXcoAKCtr44_item_1_27-_-bdp
"Revelations (Blue Bloods, Book 3)",Melissa de la Cruz,www.abebooks.com/servlet/BookDetailsPL?bi=31180004965&cm_sp=collections-_-13aw5YhyN4EXcoAKCtr44_item_1_28-_-bdp
Trouble,Gary D. Schmidt,www.abebooks.com/servlet/BookDetailsPL?bi=31255580295&cm_sp=collections-_-13aw5YhyN4EXcoAKCtr44_item_1_29-_-bdp
Away Laughing on a Fast Camel: Even More Confessions of Georgia Nicolson,Louise Rennison,www.abebooks.com/servlet/BookDetailsPL?bi=31810151100&cm_sp=collections-_-13aw5YhyN4EXcoAKCtr44_item_1_30-_-bdp
Notorious: An It Girl Novel,Cecily von Ziegesar,www.abebooks.com/servlet/BookDetailsPL?bi=30867215632&cm_sp=collections-_-13aw5YhyN4EXcoAKCtr44_item_1_31-_-bdp
Everlasting (Kissed by an Angel),Elizabeth Chandler,www.abebooks.com/servlet/BookDetailsPL?bi=31584642371&cm_sp=collections-_-13aw5YhyN4EXcoAKCtr44_item_1_32-_-bdp
What My Mother Doesn't Know (Simon Pulse),Sonya Sones,www.abebooks.com/servlet/BookDetailsPL?bi=32075364958&cm_sp=collections-_-13aw5YhyN4EXcoAKCtr44_item_1_33-_-bdp
The Chocolate War,Robert Cormier,www.abebooks.com/servlet/BookDetailsPL?bi=31955624394&cm_sp=collections-_-13aw5YhyN4EXcoAKCtr44_item_1_34-_-bdp
Raised by Wolves,Jennifer Lynn Barnes,www.abebooks.com/servlet/BookDetailsPL?bi=32241093847&cm_sp=collections-_-13aw5YhyN4EXcoAKCtr44_item_1_35-_-bdp
The Rose Society (The Young Elites),Marie Lu,www.abebooks.com/servlet/BookDetailsPL?bi=31308663457&cm_sp=collections-_-13aw5YhyN4EXcoAKCtr44_item_1_36-_-bdp
The Grey King (4) (The Dark Is Rising Sequence),Susan Cooper,www.abebooks.com/servlet/BookDetailsPL?bi=31769029486&cm_sp=collections-_-13aw5YhyN4EXcoAKCtr44_item_1_37-_-bdp
The Truth About Alice: A Novel,Jennifer Mathieu,www.abebooks.com/servlet/BookDetailsPL?bi=31280619761&cm_sp=collections-_-13aw5YhyN4EXcoAKCtr44_item_1_38-_-bdp
Homefront,Doris Gwaltney,www.abebooks.com/servlet/BookDetailsPL?bi=22682501994&cm_sp=collections-_-13aw5YhyN4EXcoAKCtr44_item_1_39-_-bdp
Greenwitch (3) (The Dark Is Rising Sequence),Susan Cooper,www.abebooks.com/servlet/BookDetailsPL?bi=31769026553&cm_sp=collections-_-13aw5YhyN4EXcoAKCtr44_item_1_40-_-bdp
Evercrossed (Kissed by an Angel),Elizabeth Chandler,www.abebooks.com/servlet/BookDetailsPL?bi=31584635716&cm_sp=collections-_-13aw5YhyN4EXcoAKCtr44_item_1_41-_-bdp
The A-List: A Novel,Zoey Dean,www.abebooks.com/servlet/BookDetailsPL?bi=22652134904&cm_sp=collections-_-13aw5YhyN4EXcoAKCtr44_item_1_42-_-bdp
The Miseducation of Cameron Post,Emily M. Danforth,www.abebooks.com/servlet/BookDetailsPL?bi=31989260294&cm_sp=collections-_-13aw5YhyN4EXcoAKCtr44_item_1_43-_-bdp
Sarah's Ground,Ann Rinaldi,www.abebooks.com/servlet/BookDetailsPL?bi=30646122911&cm_sp=collections-_-13aw5YhyN4EXcoAKCtr44_item_1_44-_-bdp
Resurrection (Wicked),"Nancy Holder, Debbie ViguiÃ",www.abebooks.com/servlet/BookDetailsPL?bi=32400246301&cm_sp=collections-_-13aw5YhyN4EXcoAKCtr44_item_1_45-_-bdp
"The Dragon's Eye: The Dragonology Chronicles, Volume One (Ologies)",Dugald A. Steer,www.abebooks.com/servlet/BookDetailsPL?bi=32398823305&cm_sp=collections-_-13aw5YhyN4EXcoAKCtr44_item_1_46-_-bdp
Harry Potter And The Order Of The Phoenix,J. K. Rowling,www.abebooks.com/servlet/BookDetailsPL?bi=32298271307&cm_sp=collections-_-19WqEQeFHlIkv9qHVW0N6j_item_1_1-_-bdp
Harry Potter and the Philosopher's Stone,J. K. Rowling,www.abebooks.com/servlet/BookDetailsPL?bi=31935191194&cm_sp=collections-_-19WqEQeFHlIkv9qHVW0N6j_item_1_2-_-bdp
The Vampire Diaries The Hunters Volume 1 Phantom,"Smith, L J",www.abebooks.com/servlet/BookDetailsPL?bi=31635901839&cm_sp=collections-_-19WqEQeFHlIkv9qHVW0N6j_item_1_3-_-bdp
Harry Potter and the Prisoner of Azkaban,J. K. Rowling,www.abebooks.com/servlet/BookDetailsPL?bi=32298275292&cm_sp=collections-_-19WqEQeFHlIkv9qHVW0N6j_item_1_4-_-bdp
Harry Potter and the Chamber of Secrets,"Rowling, J. K.",www.abebooks.com/servlet/BookDetailsPL?bi=31935183640&cm_sp=collections-_-19WqEQeFHlIkv9qHVW0N6j_item_1_5-_-bdp
Harry Potter and the Prisoner of Azkaban (Book 3),"Rowling, J. K.",www.abebooks.com/servlet/BookDetailsPL?bi=31517764718&cm_sp=collections-_-19WqEQeFHlIkv9qHVW0N6j_item_1_6-_-bdp
The Vampire Diaries The Return: Midnight Volume 3,"Smith, L J",www.abebooks.com/servlet/BookDetailsPL?bi=31643797483&cm_sp=collections-_-19WqEQeFHlIkv9qHVW0N6j_item_1_7-_-bdp
"Clue of the Broken Blade, The","Dixon, Franklin W.",www.abebooks.com/servlet/BookDetailsPL?bi=31724155219&cm_sp=collections-_-1C4fHTAIyFlwfKWsCMytvP_item_1_1-_-bdp
"Flickering Torch Mystery, The","Dixon, Franklin W.",www.abebooks.com/servlet/BookDetailsPL?bi=31724153216&cm_sp=collections-_-1C4fHTAIyFlwfKWsCMytvP_item_1_2-_-bdp
"Shore Road Mystery, The","Dixon, Franklin W.",www.abebooks.com/servlet/BookDetailsPL?bi=31724140773&cm_sp=collections-_-1C4fHTAIyFlwfKWsCMytvP_item_1_3-_-bdp
"Missing Chums, The","Dixon, Franklin W.",www.abebooks.com/servlet/BookDetailsPL?bi=31572038786&cm_sp=collections-_-1C4fHTAIyFlwfKWsCMytvP_item_1_4-_-bdp
"Tower Treasure, The","Dixon, Franklin W.",www.abebooks.com/servlet/BookDetailsPL?bi=31725517290&cm_sp=collections-_-1C4fHTAIyFlwfKWsCMytvP_item_1_5-_-bdp
"Secret Of The Old Mill, The","Dixon, Franklin W.",www.abebooks.com/servlet/BookDetailsPL?bi=31725508655&cm_sp=collections-_-1C4fHTAIyFlwfKWsCMytvP_item_1_6-_-bdp
"Disappearing Floor, The","Dixon, Franklin W.",www.abebooks.com/servlet/BookDetailsPL?bi=31724153215&cm_sp=collections-_-1C4fHTAIyFlwfKWsCMytvP_item_1_7-_-bdp
Hunting for Hidden Gold,"Dixon, Franklin W.",www.abebooks.com/servlet/BookDetailsPL?bi=31724157135&cm_sp=collections-_-1C4fHTAIyFlwfKWsCMytvP_item_1_8-_-bdp
"Great Airport Mystery, The","Dixon, Franklin W.",www.abebooks.com/servlet/BookDetailsPL?bi=31725521104&cm_sp=collections-_-1C4fHTAIyFlwfKWsCMytvP_item_1_9-_-bdp
Mystery of the Flying Express,"Dixon, Franklin W.",www.abebooks.com/servlet/BookDetailsPL?bi=31724148520&cm_sp=collections-_-1C4fHTAIyFlwfKWsCMytvP_item_1_10-_-bdp
"Mystery Of Cabin Island, The","Dixon, Franklin W.",www.abebooks.com/servlet/BookDetailsPL?bi=31725511464&cm_sp=collections-_-1C4fHTAIyFlwfKWsCMytvP_item_1_11-_-bdp
"Arctic Patrol Mystery , The","Dixon, Franklin W.",www.abebooks.com/servlet/BookDetailsPL?bi=31572087197&cm_sp=collections-_-1C4fHTAIyFlwfKWsCMytvP_item_1_12-_-bdp
Danger on Vampire Trail,"Dixon, Franklin W.",www.abebooks.com/servlet/BookDetailsPL?bi=31572041898&cm_sp=collections-_-1C4fHTAIyFlwfKWsCMytvP_item_1_13-_-bdp
"Firebird Rocket , The","Dixon, Franklin W.",www.abebooks.com/servlet/BookDetailsPL?bi=31571901853&cm_sp=collections-_-1C4fHTAIyFlwfKWsCMytvP_item_1_14-_-bdp
"Hidden Harbor Mystery, The","Dixon, Franklin W.",www.abebooks.com/servlet/BookDetailsPL?bi=31724153214&cm_sp=collections-_-1C4fHTAIyFlwfKWsCMytvP_item_1_15-_-bdp
Danger on Vamipre Trail,"Dixon, Franklin W.",www.abebooks.com/servlet/BookDetailsPL?bi=31572049904&cm_sp=collections-_-1C4fHTAIyFlwfKWsCMytvP_item_1_16-_-bdp
"Arctic Patrol Mystery , The","Dixon, Franklin W.",www.abebooks.com/servlet/BookDetailsPL?bi=31572042785&cm_sp=collections-_-1C4fHTAIyFlwfKWsCMytvP_item_1_17-_-bdp
"Twisted Claw, The","Dixon, Franklin W.",www.abebooks.com/servlet/BookDetailsPL?bi=31724155218&cm_sp=collections-_-1C4fHTAIyFlwfKWsCMytvP_item_1_18-_-bdp
"Secret Agent on Flight 101, The","Dixon, Franklin W.",www.abebooks.com/servlet/BookDetailsPL?bi=31572085297&cm_sp=collections-_-1C4fHTAIyFlwfKWsCMytvP_item_1_19-_-bdp
"Melted Coins, The","Dixon, Franklin W.",www.abebooks.com/servlet/BookDetailsPL?bi=31724147550&cm_sp=collections-_-1C4fHTAIyFlwfKWsCMytvP_item_1_20-_-bdp
"Bombay Boomerang, The","Dixon, Franklin W.",www.abebooks.com/servlet/BookDetailsPL?bi=31572086281&cm_sp=collections-_-1C4fHTAIyFlwfKWsCMytvP_item_1_21-_-bdp
Danger on Vamipre Trail,"Dixon, Franklin W.",www.abebooks.com/servlet/BookDetailsPL?bi=31572081842&cm_sp=collections-_-1C4fHTAIyFlwfKWsCMytvP_item_1_22-_-bdp
"Mysterious Caravan, The","Dixon, Franklin W.",www.abebooks.com/servlet/BookDetailsPL?bi=31572045484&cm_sp=collections-_-1C4fHTAIyFlwfKWsCMytvP_item_1_23-_-bdp
"Mysterious Caravan, The","Dixon, Franklin W.",www.abebooks.com/servlet/BookDetailsPL?bi=31571894760&cm_sp=collections-_-1C4fHTAIyFlwfKWsCMytvP_item_1_24-_-bdp
"Witchmaster's Key , The","Dixon, Franklin W.",www.abebooks.com/servlet/BookDetailsPL?bi=31571897604&cm_sp=collections-_-1C4fHTAIyFlwfKWsCMytvP_item_1_25-_-bdp
"Sting of the Scorpion, The","Dixon, Franklin W.",www.abebooks.com/servlet/BookDetailsPL?bi=31572040851&cm_sp=collections-_-1C4fHTAIyFlwfKWsCMytvP_item_1_26-_-bdp
Mystery of the Whale Tattoo,"Dixon, Franklin W.",www.abebooks.com/servlet/BookDetailsPL?bi=31572054494&cm_sp=collections-_-1C4fHTAIyFlwfKWsCMytvP_item_1_27-_-bdp
"Harper's Quine, The","McIntosh, Pat",www.abebooks.com/servlet/BookDetailsPL?bi=32309135287&cm_sp=collections-_-1C4fHTAIyFlwfKWsCMytvP_item_1_28-_-bdp
"The Magical Worlds of Harry Potter: A Treasury of Myths, Legends, and Fascinating Facts",David Colbert,www.abebooks.com/servlet/BookDetailsPL?bi=32339972692&cm_sp=collections-_-16MItmnklz44dBw5mqrk5d_item_1_1-_-bdp
The Slow Regard of Silent Things,Patrick Rothfuss,www.abebooks.com/servlet/BookDetailsPL?bi=31803660246&cm_sp=collections-_-16MItmnklz44dBw5mqrk5d_item_1_2-_-bdp
Turtles All the Way Down,John Green,www.abebooks.com/servlet/BookDetailsPL?bi=31883695253&cm_sp=collections-_-16MItmnklz44dBw5mqrk5d_item_1_3-_-bdp
The Unwanteds,Lisa McMann,www.abebooks.com/servlet/BookDetailsPL?bi=31708688142&cm_sp=collections-_-16MItmnklz44dBw5mqrk5d_item_1_4-_-bdp
The Conference of the Birds Miss Peregrine's Peculiar Children,Ransom Riggs,www.abebooks.com/servlet/BookDetailsPL?bi=31767665347&cm_sp=collections-_-16MItmnklz44dBw5mqrk5d_item_1_5-_-bdp
Muse of Nightmares,Laini Taylor,www.abebooks.com/servlet/BookDetailsPL?bi=31665379585&cm_sp=collections-_-16MItmnklz44dBw5mqrk5d_item_1_6-_-bdp
When the Night Bells Ring,Jo Kaplan,www.abebooks.com/servlet/BookDetailsPL?bi=31932491816&cm_sp=collections-_-16MItmnklz44dBw5mqrk5d_item_1_7-_-bdp
Stranger Skies (The Drowned Gods Trilogy),Pascale Lacelle,www.abebooks.com/servlet/BookDetailsPL?bi=32261311669&cm_sp=collections-_-16MItmnklz44dBw5mqrk5d_item_1_8-_-bdp
City of Storms Book 1 of 4 in the Nighthawk Series,Kat Ross,www.abebooks.com/servlet/BookDetailsPL?bi=31614138465&cm_sp=collections-_-16MItmnklz44dBw5mqrk5d_item_1_9-_-bdp
Running With Lions,Julian Winters,www.abebooks.com/servlet/BookDetailsPL?bi=31694417583&cm_sp=collections-_-16MItmnklz44dBw5mqrk5d_item_1_10-_-bdp
Elysium Girls,Kate Pentecost,www.abebooks.com/servlet/BookDetailsPL?bi=31626346180&cm_sp=collections-_-16MItmnklz44dBw5mqrk5d_item_1_11-_-bdp
The Hexologists,Josiah Bancroft,www.abebooks.com/servlet/BookDetailsPL?bi=31932529923&cm_sp=collections-_-16MItmnklz44dBw5mqrk5d_item_1_12-_-bdp
I Hope You're Listening,Tom Ryan,www.abebooks.com/servlet/BookDetailsPL?bi=31599822197&cm_sp=collections-_-16MItmnklz44dBw5mqrk5d_item_1_13-_-bdp
"Blade of Secrets (Bladesmith, 1)",Tricia Levenseller,www.abebooks.com/servlet/BookDetailsPL?bi=32069056354&cm_sp=collections-_-16MItmnklz44dBw5mqrk5d_item_1_14-_-bdp
Hotel Magnifique,Emily J. Taylor,www.abebooks.com/servlet/BookDetailsPL?bi=32134685367&cm_sp=collections-_-16MItmnklz44dBw5mqrk5d_item_1_15-_-bdp
The Floating World,Axie Oh,www.abebooks.com/servlet/BookDetailsPL?bi=32408227657&cm_sp=collections-_-16MItmnklz44dBw5mqrk5d_item_1_16-_-bdp
Ace of Shades,Amanda Foody,www.abebooks.com/servlet/BookDetailsPL?bi=32104937189&cm_sp=collections-_-16MItmnklz44dBw5mqrk5d_item_1_17-_-bdp
"Relentless (The Hero Agenda, 2)","Tera Lynn Childs, Tracy Deebs",www.abebooks.com/servlet/BookDetailsPL?bi=32354469079&cm_sp=collections-_-16MItmnklz44dBw5mqrk5d_item_1_18-_-bdp
Hood,Jenny Elder Moke,www.abebooks.com/servlet/BookDetailsPL?bi=32104934509&cm_sp=collections-_-16MItmnklz44dBw5mqrk5d_item_1_19-_-bdp
Tashi: The Book of Giant Adventures,"Anna Fienberg, Barbara Fienberg",www.abebooks.com/servlet/BookDetailsPL?bi=31540311064&cm_sp=collections-_-16MItmnklz44dBw5mqrk5d_item_1_20-_-bdp
The Library of Broken Worlds,Alaya Dawn Johnson,www.abebooks.com/servlet/BookDetailsPL?bi=32032778124&cm_sp=collections-_-16MItmnklz44dBw5mqrk5d_item_1_21-_-bdp
Seven Deadly Shadows,"Courtney Alameda, Valynne E. Maetani",www.abebooks.com/servlet/BookDetailsPL?bi=32013173865&cm_sp=collections-_-16MItmnklz44dBw5mqrk5d_item_1_22-_-bdp
Compass and Blade,Rachel Greenlaw,www.abebooks.com/servlet/BookDetailsPL?bi=31820905689&cm_sp=collections-_-16MItmnklz44dBw5mqrk5d_item_1_23-_-bdp
These Deadly Prophecies,Andrea Tang,www.abebooks.com/servlet/BookDetailsPL?bi=31803661151&cm_sp=collections-_-16MItmnklz44dBw5mqrk5d_item_1_24-_-bdp
Mysteries of the Ancient Pyramids (3) (Ancient Mysteries),Linda Sohner,www.abebooks.com/servlet/BookDetailsPL?bi=31759398222&cm_sp=collections-_-16MItmnklz44dBw5mqrk5d_item_1_25-_-bdp
The Girls of Firefly Cabin,Cynthia Ellingsen,www.abebooks.com/servlet/BookDetailsPL?bi=31512406869&cm_sp=collections-_-16MItmnklz44dBw5mqrk5d_item_1_26-_-bdp
Mysteries of the Ancient Pueblos,Linda Sohner,www.abebooks.com/servlet/BookDetailsPL?bi=31689092187&cm_sp=collections-_-16MItmnklz44dBw5mqrk5d_item_1_27-_-bdp
The Book Thief,Markus Zusak,www.abebooks.com/servlet/BookDetailsPL?bi=32359294883&cm_sp=collections-_-113Cd56g7xg4U7V7YzE9bA_item_1_1-_-bdp
The Mother-Daughter Book Club,Heather Vogel Frederick,www.abebooks.com/servlet/BookDetailsPL?bi=32181787197&cm_sp=collections-_-113Cd56g7xg4U7V7YzE9bA_item_1_2-_-bdp
The Fault in Our Stars,John Green,www.abebooks.com/servlet/BookDetailsPL?bi=32346767072&cm_sp=collections-_-113Cd56g7xg4U7V7YzE9bA_item_1_3-_-bdp
The Fault in Our Stars,John Green,www.abebooks.com/servlet/BookDetailsPL?bi=32346783560&cm_sp=collections-_-113Cd56g7xg4U7V7YzE9bA_item_1_4-_-bdp
Ghost Boy: The Miraculous Escape of a Misdiagnosed Boy Trapped Inside His Own Body,Martin Pistorius,www.abebooks.com/servlet/BookDetailsPL?bi=32226239625&cm_sp=collections-_-113Cd56g7xg4U7V7YzE9bA_item_1_5-_-bdp
Zipped,"Laura McNeal, Tom McNeal",www.abebooks.com/servlet/BookDetailsPL?bi=32279006552&cm_sp=collections-_-113Cd56g7xg4U7V7YzE9bA_item_1_6-_-bdp
Bells on Finland Street: Volume 1,Lyn Cook,www.abebooks.com/servlet/BookDetailsPL?bi=32268941324&cm_sp=collections-_-113Cd56g7xg4U7V7YzE9bA_item_1_7-_-bdp
My Summer of Pink & Green,Lisa Greenwald,www.abebooks.com/servlet/BookDetailsPL?bi=32195359174&cm_sp=collections-_-113Cd56g7xg4U7V7YzE9bA_item_1_8-_-bdp
Go Ask Alice (Anonymous Diaries),Anonymous,www.abebooks.com/servlet/BookDetailsPL?bi=32279162621&cm_sp=collections-_-113Cd56g7xg4U7V7YzE9bA_item_1_9-_-bdp
Pretties (Reissue),Scott Westerfeld,www.abebooks.com/servlet/BookDetailsPL?bi=32308438557&cm_sp=collections-_-113Cd56g7xg4U7V7YzE9bA_item_1_10-_-bdp
Pretty Little Liars,Sara Shepard,www.abebooks.com/servlet/BookDetailsPL?bi=32308440582&cm_sp=collections-_-113Cd56g7xg4U7V7YzE9bA_item_1_11-_-bdp
Pretty Little Liars: Ali's Pretty Little Lies,Sara Shepard,www.abebooks.com/servlet/BookDetailsPL?bi=32181823282&cm_sp=collections-_-113Cd56g7xg4U7V7YzE9bA_item_1_12-_-bdp
Crank (Reissue),Ellen Hopkins,www.abebooks.com/servlet/BookDetailsPL?bi=32343047465&cm_sp=collections-_-113Cd56g7xg4U7V7YzE9bA_item_1_13-_-bdp
Sisterhood Everlasting,Ann Brashares,www.abebooks.com/servlet/BookDetailsPL?bi=32178576029&cm_sp=collections-_-113Cd56g7xg4U7V7YzE9bA_item_1_14-_-bdp
Much Ado about Anne (Reprint),Heather Vogel Frederick,www.abebooks.com/servlet/BookDetailsPL?bi=32181773281&cm_sp=collections-_-113Cd56g7xg4U7V7YzE9bA_item_1_15-_-bdp
"Perfect (Pretty Little Liars, Book 3)",Sara Shepard,www.abebooks.com/servlet/BookDetailsPL?bi=32308435569&cm_sp=collections-_-113Cd56g7xg4U7V7YzE9bA_item_1_16-_-bdp
A Tinfoil Sky,Cyndi Sand-Eveland,www.abebooks.com/servlet/BookDetailsPL?bi=32178660773&cm_sp=collections-_-113Cd56g7xg4U7V7YzE9bA_item_1_17-_-bdp
Reincarnation,Suzanne Weyn,www.abebooks.com/servlet/BookDetailsPL?bi=32308440583&cm_sp=collections-_-113Cd56g7xg4U7V7YzE9bA_item_1_18-_-bdp
Notorious: An It Girl Novel,Cecily von Ziegesar,www.abebooks.com/servlet/BookDetailsPL?bi=32200532931&cm_sp=collections-_-113Cd56g7xg4U7V7YzE9bA_item_1_19-_-bdp
Detectives in Togas,Henry Winterfeld,www.abebooks.com/servlet/BookDetailsPL?bi=32334364418&cm_sp=collections-_-113Cd56g7xg4U7V7YzE9bA_item_1_20-_-bdp
Finding Mr. Brightside,Jay Clark,www.abebooks.com/servlet/BookDetailsPL?bi=32181782908&cm_sp=collections-_-113Cd56g7xg4U7V7YzE9bA_item_1_21-_-bdp
Mud City,Deborah Ellis,www.abebooks.com/servlet/BookDetailsPL?bi=32305604457&cm_sp=collections-_-113Cd56g7xg4U7V7YzE9bA_item_1_22-_-bdp
Twisted Fate,Norah Olson,www.abebooks.com/servlet/BookDetailsPL?bi=32406089621&cm_sp=collections-_-113Cd56g7xg4U7V7YzE9bA_item_1_23-_-bdp
Bleed Like Me,C Desir,www.abebooks.com/servlet/BookDetailsPL?bi=32406100537&cm_sp=collections-_-113Cd56g7xg4U7V7YzE9bA_item_1_24-_-bdp
Statistical Probability of Love at First Sight,Jennifer E Smith,www.abebooks.com/servlet/BookDetailsPL?bi=32198364318&cm_sp=collections-_-113Cd56g7xg4U7V7YzE9bA_item_1_25-_-bdp
The Geography of You and Me,Jennifer E. Smith,www.abebooks.com/servlet/BookDetailsPL?bi=32181787195&cm_sp=collections-_-113Cd56g7xg4U7V7YzE9bA_item_1_26-_-bdp
Double Identity (Reprint),Margaret Peterson Haddix,www.abebooks.com/servlet/BookDetailsPL?bi=32304818221&cm_sp=collections-_-113Cd56g7xg4U7V7YzE9bA_item_1_27-_-bdp
Never to Be Told,Becky Citra,www.abebooks.com/servlet/BookDetailsPL?bi=32305602462&cm_sp=collections-_-113Cd56g7xg4U7V7YzE9bA_item_1_28-_-bdp
Hate List,Jennifer Brown,www.abebooks.com/servlet/BookDetailsPL?bi=32308432639&cm_sp=collections-_-113Cd56g7xg4U7V7YzE9bA_item_1_29-_-bdp
Dead Silence,Norah McClintock,www.abebooks.com/servlet/BookDetailsPL?bi=32264627553&cm_sp=collections-_-113Cd56g7xg4U7V7YzE9bA_item_1_30-_-bdp
Say What You Will,Cammie McGovern,www.abebooks.com/servlet/BookDetailsPL?bi=32308296762&cm_sp=collections-_-113Cd56g7xg4U7V7YzE9bA_item_1_31-_-bdp
One That I Want,Jennifer Echols,www.abebooks.com/servlet/BookDetailsPL?bi=32181827157&cm_sp=collections-_-113Cd56g7xg4U7V7YzE9bA_item_1_32-_-bdp
Heartless,Sara Shepard,www.abebooks.com/servlet/BookDetailsPL?bi=32308432638&cm_sp=collections-_-113Cd56g7xg4U7V7YzE9bA_item_1_33-_-bdp
Two Truths and a Lie,Sara Shepard,www.abebooks.com/servlet/BookDetailsPL?bi=32308433555&cm_sp=collections-_-113Cd56g7xg4U7V7YzE9bA_item_1_34-_-bdp
Crabbe,William Bell,www.abebooks.com/servlet/BookDetailsPL?bi=32333662666&cm_sp=collections-_-113Cd56g7xg4U7V7YzE9bA_item_1_35-_-bdp
Elsewhere,Gabrielle Zevin,www.abebooks.com/servlet/BookDetailsPL?bi=32197596123&cm_sp=collections-_-113Cd56g7xg4U7V7YzE9bA_item_1_36-_-bdp
Love Letters to the Dead: A Novel,Ava Dellaira,www.abebooks.com/servlet/BookDetailsPL?bi=32275175269&cm_sp=collections-_-113Cd56g7xg4U7V7YzE9bA_item_1_37-_-bdp
Little Black Lies,Tish Cohen,www.abebooks.com/servlet/BookDetailsPL?bi=32353106981&cm_sp=collections-_-113Cd56g7xg4U7V7YzE9bA_item_1_38-_-bdp
"Girls in Pants (Sisterhood of Traveling Pants, Book 3)",Ann Brashares,www.abebooks.com/servlet/BookDetailsPL?bi=32264632781&cm_sp=collections-_-113Cd56g7xg4U7V7YzE9bA_item_1_39-_-bdp
The It Girl,Cecily Von Ziegesar,www.abebooks.com/servlet/BookDetailsPL?bi=32200567123&cm_sp=collections-_-113Cd56g7xg4U7V7YzE9bA_item_1_40-_-bdp
Anne & Henry,Dawn Ius,www.abebooks.com/servlet/BookDetailsPL?bi=32181785264&cm_sp=collections-_-113Cd56g7xg4U7V7YzE9bA_item_1_41-_-bdp
Creeps,Darren Hynes,www.abebooks.com/servlet/BookDetailsPL?bi=32178672575&cm_sp=collections-_-113Cd56g7xg4U7V7YzE9bA_item_1_42-_-bdp
Geek Girl,Holly Smale,www.abebooks.com/servlet/BookDetailsPL?bi=32181863270&cm_sp=collections-_-113Cd56g7xg4U7V7YzE9bA_item_1_43-_-bdp
Teach Me,R a Nelson,www.abebooks.com/servlet/BookDetailsPL?bi=32379729819&cm_sp=collections-_-113Cd56g7xg4U7V7YzE9bA_item_1_44-_-bdp
All the Truth That's in Me,Julie Berry,www.abebooks.com/servlet/BookDetailsPL?bi=32366492573&cm_sp=collections-_-113Cd56g7xg4U7V7YzE9bA_item_1_45-_-bdp
The S-Word,Chelsea Pitcher,www.abebooks.com/servlet/BookDetailsPL?bi=32405611238&cm_sp=collections-_-113Cd56g7xg4U7V7YzE9bA_item_1_46-_-bdp
Trouble Is a Friend of Mine,Stephanie Tromly,www.abebooks.com/servlet/BookDetailsPL?bi=32181770310&cm_sp=collections-_-113Cd56g7xg4U7V7YzE9bA_item_1_47-_-bdp
the Chosen One,Carol Lynch Williams,www.abebooks.com/servlet/BookDetailsPL?bi=32405585094&cm_sp=collections-_-113Cd56g7xg4U7V7YzE9bA_item_1_48-_-bdp
Some Girls Are,Courtney Summers,www.abebooks.com/servlet/BookDetailsPL?bi=32405588543&cm_sp=collections-_-113Cd56g7xg4U7V7YzE9bA_item_1_49-_-bdp
Wish You Were Eyre,Heather Vogel Frederick,www.abebooks.com/servlet/BookDetailsPL?bi=32181818773&cm_sp=collections-_-113Cd56g7xg4U7V7YzE9bA_item_1_50-_-bdp
Bright Young Things,Anna Godbersen,www.abebooks.com/servlet/BookDetailsPL?bi=32312708766&cm_sp=collections-_-113Cd56g7xg4U7V7YzE9bA_item_1_51-_-bdp
Keys to the Repository,Melissa de la Cruz,www.abebooks.com/servlet/BookDetailsPL?bi=32254170217&cm_sp=collections-_-1gqPckASAt2dqZSzv6rExD_item_1_1-_-bdp
"The Lightning Thief (Percy Jackson and the Olympians, Book 1)",Rick Riordan,www.abebooks.com/servlet/BookDetailsPL?bi=32359675447&cm_sp=collections-_-1gqPckASAt2dqZSzv6rExD_item_1_2-_-bdp
Giver,Lois Lowry,www.abebooks.com/servlet/BookDetailsPL?bi=32280350551&cm_sp=collections-_-1gqPckASAt2dqZSzv6rExD_item_1_3-_-bdp
Mockingjay,Suzanne Collins,www.abebooks.com/servlet/BookDetailsPL?bi=32304018660&cm_sp=collections-_-1gqPckASAt2dqZSzv6rExD_item_1_4-_-bdp
Catching Fire,Suzanne Collins,www.abebooks.com/servlet/BookDetailsPL?bi=32306020848&cm_sp=collections-_-1gqPckASAt2dqZSzv6rExD_item_1_5-_-bdp
Catching Fire,Suzanne Collins,www.abebooks.com/servlet/BookDetailsPL?bi=32245141890&cm_sp=collections-_-1gqPckASAt2dqZSzv6rExD_item_1_6-_-bdp
Mockingjay,Suzanne Collins,www.abebooks.com/servlet/BookDetailsPL?bi=32226247621&cm_sp=collections-_-1gqPckASAt2dqZSzv6rExD_item_1_7-_-bdp
The Hunger Games,Suzanne Collins,www.abebooks.com/servlet/BookDetailsPL?bi=32376437802&cm_sp=collections-_-1gqPckASAt2dqZSzv6rExD_item_1_8-_-bdp
Harry Potter and the Deathly Hallows,J. K. Rowling,www.abebooks.com/servlet/BookDetailsPL?bi=32390175058&cm_sp=collections-_-1gqPckASAt2dqZSzv6rExD_item_1_9-_-bdp
"The Lightning Thief (Percy Jackson and the Olympians, Book 1)",Rick Riordan,www.abebooks.com/servlet/BookDetailsPL?bi=32381191501&cm_sp=collections-_-1gqPckASAt2dqZSzv6rExD_item_1_10-_-bdp
The Hunger Games Trilogy Boxed Set (1),Suzanne Collins,www.abebooks.com/servlet/BookDetailsPL?bi=32410540661&cm_sp=collections-_-1gqPckASAt2dqZSzv6rExD_item_1_11-_-bdp
"The Sea of Monsters (Percy Jackson and the Olympians, Book 2)",Rick Riordan,www.abebooks.com/servlet/BookDetailsPL?bi=32359679159&cm_sp=collections-_-1gqPckASAt2dqZSzv6rExD_item_1_12-_-bdp
"The Sea of Monsters (Percy Jackson and the Olympians, Book 2)",Rick Riordan,www.abebooks.com/servlet/BookDetailsPL?bi=32381200131&cm_sp=collections-_-1gqPckASAt2dqZSzv6rExD_item_1_13-_-bdp
Twilight,Stephenie Meyer,www.abebooks.com/servlet/BookDetailsPL?bi=32196989819&cm_sp=collections-_-1gqPckASAt2dqZSzv6rExD_item_1_14-_-bdp
Harry Potter and the Philosopher's Stone,J. K. Rowling,www.abebooks.com/servlet/BookDetailsPL?bi=32402949838&cm_sp=collections-_-1gqPckASAt2dqZSzv6rExD_item_1_15-_-bdp
The Titan's Curse: book 3,Rick Riordan,www.abebooks.com/servlet/BookDetailsPL?bi=32381200132&cm_sp=collections-_-1gqPckASAt2dqZSzv6rExD_item_1_16-_-bdp
Breaking Dawn,Stephenie Meyer,www.abebooks.com/servlet/BookDetailsPL?bi=32264631995&cm_sp=collections-_-1gqPckASAt2dqZSzv6rExD_item_1_17-_-bdp
"Gathering Blue, 2",Lois Lowry,www.abebooks.com/servlet/BookDetailsPL?bi=32280348565&cm_sp=collections-_-1gqPckASAt2dqZSzv6rExD_item_1_18-_-bdp
Mossflower: A Tale of Redwall,Brian Jacques,www.abebooks.com/servlet/BookDetailsPL?bi=32191091427&cm_sp=collections-_-1gqPckASAt2dqZSzv6rExD_item_1_19-_-bdp
"Percy Jackson and the Olympians, Book Four: The Battle of the Labyrinth",Rick Riordan,www.abebooks.com/servlet/BookDetailsPL?bi=32381192448&cm_sp=collections-_-1gqPckASAt2dqZSzv6rExD_item_1_20-_-bdp
Harry Potter and the Prisoner of Azkaban. J. K. Rowling (Revised),J K Rowling,www.abebooks.com/servlet/BookDetailsPL?bi=32402947170&cm_sp=collections-_-1gqPckASAt2dqZSzv6rExD_item_1_21-_-bdp
"The Lion, the Witch and the Wardrobe",C S Lewis,www.abebooks.com/servlet/BookDetailsPL?bi=32392439343&cm_sp=collections-_-1gqPckASAt2dqZSzv6rExD_item_1_22-_-bdp
"Sweep, Volume 1: Book of Shadows/The Coven/Blood Witch",Cate Tiernan,www.abebooks.com/servlet/BookDetailsPL?bi=32254172198&cm_sp=collections-_-1gqPckASAt2dqZSzv6rExD_item_1_23-_-bdp
The Hunger Games,Suzanne Collins,www.abebooks.com/servlet/BookDetailsPL?bi=32402955445&cm_sp=collections-_-1gqPckASAt2dqZSzv6rExD_item_1_24-_-bdp
The Reality Bug,D J Machale,www.abebooks.com/servlet/BookDetailsPL?bi=32191028063&cm_sp=collections-_-1gqPckASAt2dqZSzv6rExD_item_1_25-_-bdp
The Lost Hero,Rick Riordan,www.abebooks.com/servlet/BookDetailsPL?bi=32387573270&cm_sp=collections-_-1gqPckASAt2dqZSzv6rExD_item_1_26-_-bdp
"The Mark of Athena (Heroes of Olympus, Book 3)",Rick Riordan,www.abebooks.com/servlet/BookDetailsPL?bi=32381190569&cm_sp=collections-_-1gqPckASAt2dqZSzv6rExD_item_1_27-_-bdp
New Moon,Stephenie Meyer,www.abebooks.com/servlet/BookDetailsPL?bi=32230204354&cm_sp=collections-_-1gqPckASAt2dqZSzv6rExD_item_1_28-_-bdp
"Forever (Shiver, Book 3): Volume 3",Maggie Stiefvater,www.abebooks.com/servlet/BookDetailsPL?bi=32341698464&cm_sp=collections-_-1gqPckASAt2dqZSzv6rExD_item_1_29-_-bdp
"Son, 4",Lois Lowry,www.abebooks.com/servlet/BookDetailsPL?bi=32280347560&cm_sp=collections-_-1gqPckASAt2dqZSzv6rExD_item_1_30-_-bdp
The Horse and His Boy,C. S. Lewis,www.abebooks.com/servlet/BookDetailsPL?bi=32244320148&cm_sp=collections-_-1gqPckASAt2dqZSzv6rExD_item_1_31-_-bdp
The Silver Chair,C.S. Lewis,www.abebooks.com/servlet/BookDetailsPL?bi=32247373582&cm_sp=collections-_-1gqPckASAt2dqZSzv6rExD_item_1_32-_-bdp
Artemis Fowl: The Opal Deception,Eoin Colfer,www.abebooks.com/servlet/BookDetailsPL?bi=32191045177&cm_sp=collections-_-1gqPckASAt2dqZSzv6rExD_item_1_33-_-bdp
Miss Peregrine's Home for Peculiar Children,Ransom Riggs,www.abebooks.com/servlet/BookDetailsPL?bi=32180173324&cm_sp=collections-_-1gqPckASAt2dqZSzv6rExD_item_1_34-_-bdp
The Silver Chair,C. S. Lewis,www.abebooks.com/servlet/BookDetailsPL?bi=32244310357&cm_sp=collections-_-1gqPckASAt2dqZSzv6rExD_item_1_35-_-bdp
Twilight,Stephenie Meyer,www.abebooks.com/servlet/BookDetailsPL?bi=32280375903&cm_sp=collections-_-1gqPckASAt2dqZSzv6rExD_item_1_36-_-bdp
"The Last Battle (Chronicles of Narnia, Book 7)",C. S. Lewis,www.abebooks.com/servlet/BookDetailsPL?bi=32338003969&cm_sp=collections-_-1gqPckASAt2dqZSzv6rExD_item_1_37-_-bdp
Lord Brocktree,Brian Jacques,www.abebooks.com/servlet/BookDetailsPL?bi=32157815387&cm_sp=collections-_-1gqPckASAt2dqZSzv6rExD_item_1_38-_-bdp
The House of the Scorpion,Nancy Farmer,www.abebooks.com/servlet/BookDetailsPL?bi=32157796571&cm_sp=collections-_-1gqPckASAt2dqZSzv6rExD_item_1_39-_-bdp
Prince Caspian: The Return to Narnia (The Chronicles of Narnia),C. S Lewis,www.abebooks.com/servlet/BookDetailsPL?bi=32191082336&cm_sp=collections-_-1gqPckASAt2dqZSzv6rExD_item_1_40-_-bdp
"The Sweet Far Thing (Gemma Doyle, Book 3)",Libba Bray,www.abebooks.com/servlet/BookDetailsPL?bi=32350154406&cm_sp=collections-_-1gqPckASAt2dqZSzv6rExD_item_1_41-_-bdp
Sword Art Online Progressive 1 - light novel,Reki Kawahara,www.abebooks.com/servlet/BookDetailsPL?bi=32409191551&cm_sp=collections-_-1gqPckASAt2dqZSzv6rExD_item_1_42-_-bdp
DragonSpell,Donita K Paul,www.abebooks.com/servlet/BookDetailsPL?bi=32160672125&cm_sp=collections-_-1gqPckASAt2dqZSzv6rExD_item_1_43-_-bdp
Shiver,Maggie Stiefvater,www.abebooks.com/servlet/BookDetailsPL?bi=32341698465&cm_sp=collections-_-1gqPckASAt2dqZSzv6rExD_item_1_44-_-bdp
Beautiful Creatures,"Kami Garcia, Margaret Stohl",www.abebooks.com/servlet/BookDetailsPL?bi=32312748859&cm_sp=collections-_-1gqPckASAt2dqZSzv6rExD_item_1_45-_-bdp
"The Lion, the Witch and the Wardrobe (The Chronicles of Narnia, Book 1)",C S Lewis,www.abebooks.com/servlet/BookDetailsPL?bi=32381210252&cm_sp=collections-_-1gqPckASAt2dqZSzv6rExD_item_1_46-_-bdp
Little Miss Red,Robin Palmer,www.abebooks.com/servlet/BookDetailsPL?bi=32181755851&cm_sp=collections-_-1gqPckASAt2dqZSzv6rExD_item_1_47-_-bdp
The 5th Wave: The First Book of the 5th Wave Series,Rick Yancey,www.abebooks.com/servlet/BookDetailsPL?bi=32227909377&cm_sp=collections-_-1gqPckASAt2dqZSzv6rExD_item_1_48-_-bdp
Linger,Maggie Stiefvater,www.abebooks.com/servlet/BookDetailsPL?bi=32341702165&cm_sp=collections-_-1gqPckASAt2dqZSzv6rExD_item_1_49-_-bdp
Fire,Kristin Cashore,www.abebooks.com/servlet/BookDetailsPL?bi=32154925834&cm_sp=collections-_-1gqPckASAt2dqZSzv6rExD_item_1_50-_-bdp
"Forever (Shiver, Book 3): Volume 3",Maggie Stiefvater,www.abebooks.com/servlet/BookDetailsPL?bi=32157799334&cm_sp=collections-_-1gqPckASAt2dqZSzv6rExD_item_1_51-_-bdp
Divergent / Insurgent / Allegiant,Veronica Roth,www.abebooks.com/servlet/BookDetailsPL?bi=32379709345&cm_sp=collections-_-1gqPckASAt2dqZSzv6rExD_item_1_52-_-bdp
"Beautiful Chaos (Beautiful Creatures, 3)","Kami Garcia,Margaret Stohl",www.abebooks.com/servlet/BookDetailsPL?bi=32380771079&cm_sp=collections-_-1gqPckASAt2dqZSzv6rExD_item_1_53-_-bdp
Vampire Diaries: The Return: Shadow Souls,L J Smith,www.abebooks.com/servlet/BookDetailsPL?bi=32254159225&cm_sp=collections-_-1gqPckASAt2dqZSzv6rExD_item_1_54-_-bdp
Wildwood,Colin Meloy,www.abebooks.com/servlet/BookDetailsPL?bi=32203431194&cm_sp=collections-_-1gqPckASAt2dqZSzv6rExD_item_1_55-_-bdp
"The Last Battle (The Chronicles of Narnia, Book 7)",C. S Lewis,www.abebooks.com/servlet/BookDetailsPL?bi=32191086090&cm_sp=collections-_-1gqPckASAt2dqZSzv6rExD_item_1_56-_-bdp
DragonQuest,Donita K Paul,www.abebooks.com/servlet/BookDetailsPL?bi=32160658692&cm_sp=collections-_-1gqPckASAt2dqZSzv6rExD_item_1_57-_-bdp
Scorpio Races,Maggie Stiefvater,www.abebooks.com/servlet/BookDetailsPL?bi=32317176840&cm_sp=collections-_-1gqPckASAt2dqZSzv6rExD_item_1_58-_-bdp
"I Am Number Four (Lorien Legacies, Book 1) (Lorien Legacies, 1)",Pittacus Lore,www.abebooks.com/servlet/BookDetailsPL?bi=32350157408&cm_sp=collections-_-1gqPckASAt2dqZSzv6rExD_item_1_59-_-bdp
Loamhedge,Brian Jacques,www.abebooks.com/servlet/BookDetailsPL?bi=32191094240&cm_sp=collections-_-1gqPckASAt2dqZSzv6rExD_item_1_60-_-bdp
The New Elizabeth (Sweet Valley High #63),Francine Pascal/Kate WILLIAM,www.abebooks.com/servlet/BookDetailsPL?bi=30915303937&cm_sp=collections-_-1PKmRK7DFOG75XP5lEGcms_item_1_1-_-bdp
Words by Heart,Ouida Sebestyen,www.abebooks.com/servlet/BookDetailsPL?bi=30996483004&cm_sp=collections-_-1PKmRK7DFOG75XP5lEGcms_item_1_2-_-bdp
THE POM-POM WARS: SWEET VALLEY HIGH #113,Francine Pascal/Kate WILLIAM,www.abebooks.com/servlet/BookDetailsPL?bi=30915429517&cm_sp=collections-_-1PKmRK7DFOG75XP5lEGcms_item_1_3-_-bdp
"Wicked (Pretty Little Liars, Book 5)",Sara Shepard,www.abebooks.com/servlet/BookDetailsPL?bi=31091490791&cm_sp=collections-_-1PKmRK7DFOG75XP5lEGcms_item_1_4-_-bdp
"Uglies (Uglies Trilogy, Book 1)","Westerfeld, Scott; Corral, Rodrigo [Designer]",www.abebooks.com/servlet/BookDetailsPL?bi=31164945053&cm_sp=collections-_-1PKmRK7DFOG75XP5lEGcms_item_1_5-_-bdp
THE OTHER WOMAN: SWEET VALLEY UNIVERSITY #16,Francine Pascal/Laurie John,www.abebooks.com/servlet/BookDetailsPL?bi=30915495562&cm_sp=collections-_-1PKmRK7DFOG75XP5lEGcms_item_1_6-_-bdp
"Flawless (Pretty Little Liars, Book 2)",Sara Shepard,www.abebooks.com/servlet/BookDetailsPL?bi=31012635543&cm_sp=collections-_-1PKmRK7DFOG75XP5lEGcms_item_1_7-_-bdp
The Road to Memphis,mildred-d-taylor,www.abebooks.com/servlet/BookDetailsPL?bi=30765445936&cm_sp=collections-_-1PKmRK7DFOG75XP5lEGcms_item_1_8-_-bdp
MEMORIES: SWEET VALLEY HIGH #24,Francine Pascal/Kate WILLIAM,www.abebooks.com/servlet/BookDetailsPL?bi=30914909424&cm_sp=collections-_-1PKmRK7DFOG75XP5lEGcms_item_1_9-_-bdp
Cross-Ties (Pine Hollow No. 11),Bonnie Bryant,www.abebooks.com/servlet/BookDetailsPL?bi=31505910350&cm_sp=collections-_-1PKmRK7DFOG75XP5lEGcms_item_1_10-_-bdp
On the Edge (Sweet Valley High #40),Francine Pascal/Kate WILLIAM,www.abebooks.com/servlet/BookDetailsPL?bi=30923656957&cm_sp=collections-_-1PKmRK7DFOG75XP5lEGcms_item_1_11-_-bdp
"Perfect (Pretty Little Liars, Book 3)",Sara Shepard,www.abebooks.com/servlet/BookDetailsPL?bi=31012727356&cm_sp=collections-_-1PKmRK7DFOG75XP5lEGcms_item_1_12-_-bdp
When Lightning Strikes (1-800-where-r-you),"Cabot, Meg",www.abebooks.com/servlet/BookDetailsPL?bi=30815343755&cm_sp=collections-_-1PKmRK7DFOG75XP5lEGcms_item_1_13-_-bdp
Double Jeopardy,Francine Pascal/Kate WILLIAM,www.abebooks.com/servlet/BookDetailsPL?bi=30914432770&cm_sp=collections-_-1PKmRK7DFOG75XP5lEGcms_item_1_14-_-bdp
CRASH LANDING: SWEET VALLEY HIGH #20,Francine Pascal/Kate WILLIAM,www.abebooks.com/servlet/BookDetailsPL?bi=30914653394&cm_sp=collections-_-1PKmRK7DFOG75XP5lEGcms_item_1_15-_-bdp
Wickedpedia (Point Horror),Chris Van Etten,www.abebooks.com/servlet/BookDetailsPL?bi=31232395181&cm_sp=collections-_-1PKmRK7DFOG75XP5lEGcms_item_1_16-_-bdp
Brokenhearted (Sweet Valley High #58),Francine Pascal/Kate WILLIAM,www.abebooks.com/servlet/BookDetailsPL?bi=30915295197&cm_sp=collections-_-1PKmRK7DFOG75XP5lEGcms_item_1_17-_-bdp
Two Boy Weekend (Sweet Valley High #54),Francine Pascal/Kate WILLIAM,www.abebooks.com/servlet/BookDetailsPL?bi=30915288291&cm_sp=collections-_-1PKmRK7DFOG75XP5lEGcms_item_1_18-_-bdp
"Rumors (Sweet Valley High, No. 37)",Francine Pascal/Kate WILLIAM,www.abebooks.com/servlet/BookDetailsPL?bi=30915108010&cm_sp=collections-_-1PKmRK7DFOG75XP5lEGcms_item_1_19-_-bdp
Scribbler of Dreams,Mary E. Pearson,www.abebooks.com/servlet/BookDetailsPL?bi=31073959873&cm_sp=collections-_-1PKmRK7DFOG75XP5lEGcms_item_1_20-_-bdp
Playing for Keeps (Sweet Valley High #49),Francine Pascal/Kate WILLIAM,www.abebooks.com/servlet/BookDetailsPL?bi=30915281250&cm_sp=collections-_-1PKmRK7DFOG75XP5lEGcms_item_1_21-_-bdp
JESSICA'S OLDER GUY: SWEET VALLEY HIGH #119,Francine Pascal/Kate WILLIAM,www.abebooks.com/servlet/BookDetailsPL?bi=30915440013&cm_sp=collections-_-1PKmRK7DFOG75XP5lEGcms_item_1_22-_-bdp
WHEN LOVE DIES # 12 (Sweet Valley High (Numbered Paperback)),Francine Pascal/Kate WILLIAM,www.abebooks.com/servlet/BookDetailsPL?bi=30914623207&cm_sp=collections-_-1PKmRK7DFOG75XP5lEGcms_item_1_23-_-bdp
"Bruce's Story (Sweet Valley High, Super Star)",Francine Pascal/Kate WILLIAM,www.abebooks.com/servlet/BookDetailsPL?bi=30913858901&cm_sp=collections-_-1PKmRK7DFOG75XP5lEGcms_item_1_24-_-bdp
Away Laughing on a Fast Camel: Even More Confessions of Georgia Nicolson,"Rennison, Louise",www.abebooks.com/servlet/BookDetailsPL?bi=30669087092&cm_sp=collections-_-1PKmRK7DFOG75XP5lEGcms_item_1_25-_-bdp
Missing (Fearless #14),Francine Pascal,www.abebooks.com/servlet/BookDetailsPL?bi=31241821654&cm_sp=collections-_-1PKmRK7DFOG75XP5lEGcms_item_1_26-_-bdp
Shock (Fearless #27),"Pascal, Francine",www.abebooks.com/servlet/BookDetailsPL?bi=30937361991&cm_sp=collections-_-1PKmRK7DFOG75XP5lEGcms_item_1_27-_-bdp
Normal (Fearless #31),Francine Pascal,www.abebooks.com/servlet/BookDetailsPL?bi=30944428042&cm_sp=collections-_-1PKmRK7DFOG75XP5lEGcms_item_1_28-_-bdp
Escape (Fearless 26),Francine Pascal,www.abebooks.com/servlet/BookDetailsPL?bi=30960339176&cm_sp=collections-_-1PKmRK7DFOG75XP5lEGcms_item_1_29-_-bdp
Trapped!: Cages of Mind and Body,"Duncan, Lois [Editor]; Gutierrez, Rudy [Illustrator];",www.abebooks.com/servlet/BookDetailsPL?bi=30815445848&cm_sp=collections-_-1PKmRK7DFOG75XP5lEGcms_item_1_30-_-bdp
Until We Meet Again (Bluford High Series #7),Anne E. Schraff,www.abebooks.com/servlet/BookDetailsPL?bi=30669021595&cm_sp=collections-_-1PKmRK7DFOG75XP5lEGcms_item_1_31-_-bdp
Shadowland (The Mediator),Jenny Carroll,www.abebooks.com/servlet/BookDetailsPL?bi=31685821578&cm_sp=collections-_-1PKmRK7DFOG75XP5lEGcms_item_1_32-_-bdp
"It Had to Be You (Love Stories, #10)",Stephanie Doyon,www.abebooks.com/servlet/BookDetailsPL?bi=31263042353&cm_sp=collections-_-1PKmRK7DFOG75XP5lEGcms_item_1_33-_-bdp
Love Is a Missing Person,M. E. Kerr,www.abebooks.com/servlet/BookDetailsPL?bi=31236065251&cm_sp=collections-_-1PKmRK7DFOG75XP5lEGcms_item_1_34-_-bdp
"Secrets Can Kill (The Nancy Drew Files, No. 1)",Carolyn Keene,www.abebooks.com/servlet/BookDetailsPL?bi=31223662476&cm_sp=collections-_-1PKmRK7DFOG75XP5lEGcms_item_1_35-_-bdp
THUNDER ISLAND,James Howard Kunstler,www.abebooks.com/servlet/BookDetailsPL?bi=31128288801&cm_sp=collections-_-1PKmRK7DFOG75XP5lEGcms_item_1_36-_-bdp
"Sam (Fearless, No. 2)",Francine Pascal,www.abebooks.com/servlet/BookDetailsPL?bi=30992254797&cm_sp=collections-_-1PKmRK7DFOG75XP5lEGcms_item_1_37-_-bdp
SECRET ADMIRER: SWEET VALLEY HIGH #39,Francine Pascal/Kate WILLIAM,www.abebooks.com/servlet/BookDetailsPL?bi=30915101628&cm_sp=collections-_-1PKmRK7DFOG75XP5lEGcms_item_1_38-_-bdp
Nina Won't Tell (Making Out),Katherine Applegate,www.abebooks.com/servlet/BookDetailsPL?bi=30986069288&cm_sp=collections-_-1PKmRK7DFOG75XP5lEGcms_item_1_39-_-bdp
Blood Wounds,"Pfeffer, Susan Beth",www.abebooks.com/servlet/BookDetailsPL?bi=30771097796&cm_sp=collections-_-1PKmRK7DFOG75XP5lEGcms_item_1_40-_-bdp
Dicey's Song (The Tillerman Series #2),"Voigt, Cynthia",www.abebooks.com/servlet/BookDetailsPL?bi=30669088958&cm_sp=collections-_-1PKmRK7DFOG75XP5lEGcms_item_1_41-_-bdp
The Search,"Holland, Isabelle",www.abebooks.com/servlet/BookDetailsPL?bi=30669080122&cm_sp=collections-_-1PKmRK7DFOG75XP5lEGcms_item_1_42-_-bdp
So Long at the Fair,"Irwin, Hadley",www.abebooks.com/servlet/BookDetailsPL?bi=30669068757&cm_sp=collections-_-1PKmRK7DFOG75XP5lEGcms_item_1_43-_-bdp
Two by Two Romance - Book #5: One Special Summer,"Harrell, Janice",www.abebooks.com/servlet/BookDetailsPL?bi=30669038180&cm_sp=collections-_-1PKmRK7DFOG75XP5lEGcms_item_1_44-_-bdp
Dicey's Song (The Tillerman Series #2),"Voigt, Cynthia",www.abebooks.com/servlet/BookDetailsPL?bi=30669017384&cm_sp=collections-_-1PKmRK7DFOG75XP5lEGcms_item_1_45-_-bdp
Every Time a Rainbow Dies,Rita Williams-Garcia,www.abebooks.com/servlet/BookDetailsPL?bi=31289300106&cm_sp=collections-_-1PKmRK7DFOG75XP5lEGcms_item_1_46-_-bdp
"Pretty Crooked (Pretty Crooked Trilogy, 1)",Elisa Ludwig,www.abebooks.com/servlet/BookDetailsPL?bi=31029566233&cm_sp=collections-_-1PKmRK7DFOG75XP5lEGcms_item_1_47-_-bdp
KIDNAPPED!: SWEET VALLEY HIGH #13,Francine Pascal/Kate WILLIAM,www.abebooks.com/servlet/BookDetailsPL?bi=30914623714&cm_sp=collections-_-1PKmRK7DFOG75XP5lEGcms_item_1_48-_-bdp
Partiers Preferred (Summer Share),"Reisfeld, Randi",www.abebooks.com/servlet/BookDetailsPL?bi=30768078259&cm_sp=collections-_-1PKmRK7DFOG75XP5lEGcms_item_1_49-_-bdp
Eragon,"Paolini, Christopher",www.abebooks.com/servlet/BookDetailsPL?bi=1217179115&cm_sp=collections-_-1Pe1EBaJ4CdOabYcknsEYo_item_1_1-_-bdp
Wolf Brother,"Paver, Michelle",www.abebooks.com/servlet/BookDetailsPL?bi=1005765030&cm_sp=collections-_-1Pe1EBaJ4CdOabYcknsEYo_item_1_2-_-bdp
Making Mischief: A Maurice Sendak Appreciation,"Maguire, Gregory",www.abebooks.com/servlet/BookDetailsPL?bi=12778697549&cm_sp=collections-_-1Pe1EBaJ4CdOabYcknsEYo_item_1_3-_-bdp
In Zanesville,"Beard, Jo Ann",www.abebooks.com/servlet/BookDetailsPL?bi=30905827839&cm_sp=collections-_-1Pe1EBaJ4CdOabYcknsEYo_item_1_4-_-bdp
The Golem's Eye: Book Two of the Bartimaeus Trilogy,"Stroud, Jonathan",www.abebooks.com/servlet/BookDetailsPL?bi=806590886&cm_sp=collections-_-1Pe1EBaJ4CdOabYcknsEYo_item_1_5-_-bdp
Brisingr,"Paolini, Christopher",www.abebooks.com/servlet/BookDetailsPL?bi=22754068045&cm_sp=collections-_-1Pe1EBaJ4CdOabYcknsEYo_item_1_6-_-bdp
Troll Fell,"Langrish, Katherine",www.abebooks.com/servlet/BookDetailsPL?bi=843051797&cm_sp=collections-_-1Pe1EBaJ4CdOabYcknsEYo_item_1_7-_-bdp
The Wolf,"Smith, Joseph",www.abebooks.com/servlet/BookDetailsPL?bi=11374451882&cm_sp=collections-_-1Pe1EBaJ4CdOabYcknsEYo_item_1_8-_-bdp
The Gates,"Connolly, John",www.abebooks.com/servlet/BookDetailsPL?bi=1699843807&cm_sp=collections-_-1Pe1EBaJ4CdOabYcknsEYo_item_1_9-_-bdp
The Cup of the World,"Dickinson, John",www.abebooks.com/servlet/BookDetailsPL?bi=824303936&cm_sp=collections-_-1Pe1EBaJ4CdOabYcknsEYo_item_1_10-_-bdp
The Real Alice in Wonderland: A Role Model for the Ages,"Rubin, C. M./Rubin, Gabriella",www.abebooks.com/servlet/BookDetailsPL?bi=3025396321&cm_sp=collections-_-1Pe1EBaJ4CdOabYcknsEYo_item_1_11-_-bdp
The Absolutely True Diary of a Part-Time Indian,"Alexie, Sherman",www.abebooks.com/servlet/BookDetailsPL?bi=17791653838&cm_sp=collections-_-1Pe1EBaJ4CdOabYcknsEYo_item_1_12-_-bdp
Flora & Ulysses,"Dicamillo, Kate",www.abebooks.com/servlet/BookDetailsPL?bi=12146403851&cm_sp=collections-_-1Pe1EBaJ4CdOabYcknsEYo_item_1_13-_-bdp
Flora & Ulysses: The Illuminated Adventure,"Dicamillo, Kate",www.abebooks.com/servlet/BookDetailsPL?bi=18736773672&cm_sp=collections-_-1Pe1EBaJ4CdOabYcknsEYo_item_1_14-_-bdp
Dark Flame,"Noel, Alyson",www.abebooks.com/servlet/BookDetailsPL?bi=4706420904&cm_sp=collections-_-1Pe1EBaJ4CdOabYcknsEYo_item_1_15-_-bdp
Not All Tarts are Apple,"Granger, Pip",www.abebooks.com/servlet/BookDetailsPL?bi=14307928218&cm_sp=collections-_-1Pe1EBaJ4CdOabYcknsEYo_item_1_16-_-bdp
The Valley of Secrets,"Hussey, Charmian",www.abebooks.com/servlet/BookDetailsPL?bi=876717141&cm_sp=collections-_-1Pe1EBaJ4CdOabYcknsEYo_item_1_17-_-bdp
I Heard an Own Call My Name,"Craven, Margaret",www.abebooks.com/servlet/BookDetailsPL?bi=2624671456&cm_sp=collections-_-1Pe1EBaJ4CdOabYcknsEYo_item_1_18-_-bdp
I Saw Esau: The Schoolchild's Pocket Book,"Opie, Iona and Peter",www.abebooks.com/servlet/BookDetailsPL?bi=3040889005&cm_sp=collections-_-1Pe1EBaJ4CdOabYcknsEYo_item_1_19-_-bdp
The Selected Works of T. S. Spivet (Signed),"Larsen, Reif",www.abebooks.com/servlet/BookDetailsPL?bi=1828020998&cm_sp=collections-_-1Pe1EBaJ4CdOabYcknsEYo_item_1_20-_-bdp
Mister Death's Blue-Eyed Girls,"Hahn, Mary Downing",www.abebooks.com/servlet/BookDetailsPL?bi=8784809965&cm_sp=collections-_-1Pe1EBaJ4CdOabYcknsEYo_item_1_21-_-bdp
The Scarlet Princess: Two Complete Steve Canyon Adventures,"Caniff, Milton",www.abebooks.com/servlet/BookDetailsPL?bi=3992036031&cm_sp=collections-_-1Pe1EBaJ4CdOabYcknsEYo_item_1_22-_-bdp
Saskia's Journey,"Breslin, Theresa",www.abebooks.com/servlet/BookDetailsPL?bi=6642397581&cm_sp=collections-_-1Pe1EBaJ4CdOabYcknsEYo_item_1_23-_-bdp
Chasing Vermeer,"Balliett, Blue",www.abebooks.com/servlet/BookDetailsPL?bi=30687047342&cm_sp=collections-_-1pA9NaM2GgNN5MX9ZDgeMg_item_1_1-_-bdp
"The Slippery Slope (A Series of Unfortunate Events, Book 10)","Snicket, Lemony; Helquist, Brett [Illustrator]; Kupperman...",www.abebooks.com/servlet/BookDetailsPL?bi=30796108721&cm_sp=collections-_-1pA9NaM2GgNN5MX9ZDgeMg_item_1_2-_-bdp
Adam of the Road (Puffin Modern Classics),"Gray, Elizabeth Janet",www.abebooks.com/servlet/BookDetailsPL?bi=31958559215&cm_sp=collections-_-1pA9NaM2GgNN5MX9ZDgeMg_item_1_3-_-bdp
Miss Peregrine's Home for Peculiar Children (Miss Peregrine's Peculiar Children),"Riggs, Ransom",www.abebooks.com/servlet/BookDetailsPL?bi=31542256178&cm_sp=collections-_-1pA9NaM2GgNN5MX9ZDgeMg_item_1_4-_-bdp
"The First Four Years (Little House, 9)","Wilder, Laura Ingalls; Williams, Garth [Illustrator]",www.abebooks.com/servlet/BookDetailsPL?bi=31327779293&cm_sp=collections-_-1pA9NaM2GgNN5MX9ZDgeMg_item_1_5-_-bdp
"Dealing with Dragons: The Enchanted Forest Chronicles, Book One","Wrede, Patricia C.",www.abebooks.com/servlet/BookDetailsPL?bi=31074489306&cm_sp=collections-_-1pA9NaM2GgNN5MX9ZDgeMg_item_1_6-_-bdp
Me and Earl and the Dying Girl (Revised Edition),"Andrews, Jesse",www.abebooks.com/servlet/BookDetailsPL?bi=31939584344&cm_sp=collections-_-1pA9NaM2GgNN5MX9ZDgeMg_item_1_7-_-bdp
Code Name Verity,"Wein, Elizabeth",www.abebooks.com/servlet/BookDetailsPL?bi=31812659200&cm_sp=collections-_-1pA9NaM2GgNN5MX9ZDgeMg_item_1_8-_-bdp
Hoot,"Hiaasen, Carl",www.abebooks.com/servlet/BookDetailsPL?bi=32083952916&cm_sp=collections-_-1pA9NaM2GgNN5MX9ZDgeMg_item_1_9-_-bdp
Carbonel: The King of Cats,"Sleigh, Barbara",www.abebooks.com/servlet/BookDetailsPL?bi=32114897888&cm_sp=collections-_-1pA9NaM2GgNN5MX9ZDgeMg_item_1_10-_-bdp
Horseradish: Bitter Truths You Can't Avoid,"Snicket, Lemony; Handler, Daniel",www.abebooks.com/servlet/BookDetailsPL?bi=31941745008&cm_sp=collections-_-1pA9NaM2GgNN5MX9ZDgeMg_item_1_11-_-bdp
"Calling on Dragons: The Enchanted Forest Chronicles, Book Three","Wrede, Patricia C.",www.abebooks.com/servlet/BookDetailsPL?bi=31074494906&cm_sp=collections-_-1pA9NaM2GgNN5MX9ZDgeMg_item_1_12-_-bdp
"Blood Red Road (Dustlands, Book 1)","Young, Moira",www.abebooks.com/servlet/BookDetailsPL?bi=31769162203&cm_sp=collections-_-1pA9NaM2GgNN5MX9ZDgeMg_item_1_13-_-bdp
City of the Beasts,"Allende, Isabel",www.abebooks.com/servlet/BookDetailsPL?bi=31432078734&cm_sp=collections-_-1pA9NaM2GgNN5MX9ZDgeMg_item_1_14-_-bdp
Vile Village,Lemony Snicket; Brett Helquist [Illustrator],www.abebooks.com/servlet/BookDetailsPL?bi=31327785934&cm_sp=collections-_-1pA9NaM2GgNN5MX9ZDgeMg_item_1_15-_-bdp
Red Riding Hood,"Blakley-Cartwright, Sarah; Johnson, David Leslie",www.abebooks.com/servlet/BookDetailsPL?bi=31812654567&cm_sp=collections-_-1pA9NaM2GgNN5MX9ZDgeMg_item_1_16-_-bdp
The Scavengers,"Perry, Michael",www.abebooks.com/servlet/BookDetailsPL?bi=31393845571&cm_sp=collections-_-1pA9NaM2GgNN5MX9ZDgeMg_item_1_17-_-bdp
"The Wizard's Holiday: The Seventh Book in the Young Wizards Series (Young Wizards, 7)","Duane, Diane",www.abebooks.com/servlet/BookDetailsPL?bi=31769182100&cm_sp=collections-_-1pA9NaM2GgNN5MX9ZDgeMg_item_1_18-_-bdp
Fuse (Pure Trilogy),"Baggott, Julianna",www.abebooks.com/servlet/BookDetailsPL?bi=31768271118&cm_sp=collections-_-1pA9NaM2GgNN5MX9ZDgeMg_item_1_19-_-bdp
"The Slippery Slope (A Series of Unfortunate Events, Book 10)","Snicket, Lemony",www.abebooks.com/servlet/BookDetailsPL?bi=31327782209&cm_sp=collections-_-1pA9NaM2GgNN5MX9ZDgeMg_item_1_20-_-bdp
Why We Broke Up,"Handler, Daniel",www.abebooks.com/servlet/BookDetailsPL?bi=31941681228&cm_sp=collections-_-1pA9NaM2GgNN5MX9ZDgeMg_item_1_21-_-bdp
The Sorcerer's Companion: A Guide to the Magical World of Harry Potter,"Kronzek, Allan Zola; Kronzek, Elizabeth",www.abebooks.com/servlet/BookDetailsPL?bi=31890643307&cm_sp=collections-_-1pA9NaM2GgNN5MX9ZDgeMg_item_1_22-_-bdp
The Battle of the Sun,"Winterson, Jeanette",www.abebooks.com/servlet/BookDetailsPL?bi=31747161182&cm_sp=collections-_-1pA9NaM2GgNN5MX9ZDgeMg_item_1_23-_-bdp
The Eleventh Plague,"Hirsch, Jeff",www.abebooks.com/servlet/BookDetailsPL?bi=31747862854&cm_sp=collections-_-1pA9NaM2GgNN5MX9ZDgeMg_item_1_24-_-bdp
Joshua Dread,"Bacon, Lee",www.abebooks.com/servlet/BookDetailsPL?bi=31393848246&cm_sp=collections-_-1pA9NaM2GgNN5MX9ZDgeMg_item_1_25-_-bdp
"Junie B., First Grader: Boss of Lunch (Junie B. Jones, No. 19)","Park, Barbara",www.abebooks.com/servlet/BookDetailsPL?bi=30687067542&cm_sp=collections-_-1pA9NaM2GgNN5MX9ZDgeMg_item_1_26-_-bdp
Maleficent,"Rudnick, Elizabeth",www.abebooks.com/servlet/BookDetailsPL?bi=31817384628&cm_sp=collections-_-1pA9NaM2GgNN5MX9ZDgeMg_item_1_27-_-bdp
"Partials (Partials Sequence, 1)","Wells, Dan",www.abebooks.com/servlet/BookDetailsPL?bi=31419524632&cm_sp=collections-_-1pA9NaM2GgNN5MX9ZDgeMg_item_1_28-_-bdp
Echo of the Boom,"Neely-Cohen, Maxwell",www.abebooks.com/servlet/BookDetailsPL?bi=32013944616&cm_sp=collections-_-1pA9NaM2GgNN5MX9ZDgeMg_item_1_29-_-bdp
The Tequila Worm,"Canales, Viola",www.abebooks.com/servlet/BookDetailsPL?bi=31539432798&cm_sp=collections-_-1pA9NaM2GgNN5MX9ZDgeMg_item_1_30-_-bdp
Olivion's Favorites (2) (Marvelous World),"CLE, Troy",www.abebooks.com/servlet/BookDetailsPL?bi=31479769072&cm_sp=collections-_-1pA9NaM2GgNN5MX9ZDgeMg_item_1_31-_-bdp
Remarkable,"Foley, Lizzie K.",www.abebooks.com/servlet/BookDetailsPL?bi=31580426645&cm_sp=collections-_-1pA9NaM2GgNN5MX9ZDgeMg_item_1_32-_-bdp
The Wolfers,"Pfeifer, Lillian E. & David Craig (illustrator)",www.abebooks.com/servlet/BookDetailsPL?bi=11350339169&cm_sp=collections-_-1J2LaTbAOfVbEEZQkRamA_item_1_1-_-bdp
Johnny in the Klondike,"Berton, Laura Beatrice & Laura Berton Woodward",www.abebooks.com/servlet/BookDetailsPL?bi=31776203536&cm_sp=collections-_-1J2LaTbAOfVbEEZQkRamA_item_1_2-_-bdp
Three Boys in a Boat,"Meade, Don",www.abebooks.com/servlet/BookDetailsPL?bi=348228946&cm_sp=collections-_-1J2LaTbAOfVbEEZQkRamA_item_1_3-_-bdp
Johnny in the Klondike,"Berton, Laura Beatrice & Laura Berton Woodward",www.abebooks.com/servlet/BookDetailsPL?bi=31776205511&cm_sp=collections-_-1J2LaTbAOfVbEEZQkRamA_item_1_4-_-bdp
Two Little Savages,"Seton, Ernest Thompson",www.abebooks.com/servlet/BookDetailsPL?bi=31754218290&cm_sp=collections-_-1J2LaTbAOfVbEEZQkRamA_item_1_5-_-bdp
HOME FROM FAR,"Little, Jean",www.abebooks.com/servlet/BookDetailsPL?bi=154074684&cm_sp=collections-_-1J2LaTbAOfVbEEZQkRamA_item_1_6-_-bdp
Strider,"Cleary, Beverly",www.abebooks.com/servlet/BookDetailsPL?bi=30829902359&cm_sp=collections-_-1J2LaTbAOfVbEEZQkRamA_item_1_7-_-bdp
The Invention of Hugo Cabret,"Selznick, Brian",www.abebooks.com/servlet/BookDetailsPL?bi=31303795913&cm_sp=collections-_-1J2LaTbAOfVbEEZQkRamA_item_1_8-_-bdp
"Harry Potter and the Cursed Child, Parts 1 & 2, Special Rehearsal Edition Script","Rowling, J. K. & Jack Thorne & John Tiffany",www.abebooks.com/servlet/BookDetailsPL?bi=30663676072&cm_sp=collections-_-1J2LaTbAOfVbEEZQkRamA_item_1_9-_-bdp
"Rufus, Red Rufus","Beatty, Patricia",www.abebooks.com/servlet/BookDetailsPL?bi=31321892164&cm_sp=collections-_-1J2LaTbAOfVbEEZQkRamA_item_1_10-_-bdp
The Collected Young Readers Fiction of E. Nesbit-Volume 1 The Psammead Adventures-Five Children a...,"Nesbit, E.",www.abebooks.com/servlet/BookDetailsPL?bi=31348419024&cm_sp=collections-_-1J2LaTbAOfVbEEZQkRamA_item_1_11-_-bdp
The Collected Young Readers Fiction of E. Nesbit Volume 2,"Nesbit, E.",www.abebooks.com/servlet/BookDetailsPL?bi=31348412648&cm_sp=collections-_-1J2LaTbAOfVbEEZQkRamA_item_1_12-_-bdp
The Book Thief,"Zusak, Markus",www.abebooks.com/servlet/BookDetailsPL?bi=30458122108&cm_sp=collections-_-1J2LaTbAOfVbEEZQkRamA_item_1_13-_-bdp
"This Is Compassion Young people's stories, poetry, art & photography",Various,www.abebooks.com/servlet/BookDetailsPL?bi=18733448156&cm_sp=collections-_-1J2LaTbAOfVbEEZQkRamA_item_1_14-_-bdp
Jason's Quest,"Margaret, Laurence;",www.abebooks.com/servlet/BookDetailsPL?bi=11189770974&cm_sp=collections-_-1J2LaTbAOfVbEEZQkRamA_item_1_15-_-bdp
Desperate breakaway,"Pope, Ray",www.abebooks.com/servlet/BookDetailsPL?bi=13923196204&cm_sp=collections-_-1J2LaTbAOfVbEEZQkRamA_item_1_16-_-bdp
Remember Me to Harold Square,"Danziger, Paula",www.abebooks.com/servlet/BookDetailsPL?bi=403533108&cm_sp=collections-_-1J2LaTbAOfVbEEZQkRamA_item_1_17-_-bdp
The Haunted Hangar,"Powell, Van",www.abebooks.com/servlet/BookDetailsPL?bi=601393171&cm_sp=collections-_-1J2LaTbAOfVbEEZQkRamA_item_1_18-_-bdp
The Red Pony,"Steinbeck, John",www.abebooks.com/servlet/BookDetailsPL?bi=19179280905&cm_sp=collections-_-1J2LaTbAOfVbEEZQkRamA_item_1_19-_-bdp
Beans on Toast,"Hrdlitschka, Shelley; Levstek, Ljuba",www.abebooks.com/servlet/BookDetailsPL?bi=715459402&cm_sp=collections-_-1J2LaTbAOfVbEEZQkRamA_item_1_20-_-bdp
The Young Forester,"Grey, Zane",www.abebooks.com/servlet/BookDetailsPL?bi=30134738507&cm_sp=collections-_-1J2LaTbAOfVbEEZQkRamA_item_1_21-_-bdp
Take a Giant Step,"Paperny, Myra",www.abebooks.com/servlet/BookDetailsPL?bi=7888640772&cm_sp=collections-_-1J2LaTbAOfVbEEZQkRamA_item_1_22-_-bdp
Robin Hood,"Creswick, Paul & N.C. Wyeth (illustrator)",www.abebooks.com/servlet/BookDetailsPL?bi=22744589092&cm_sp=collections-_-1J2LaTbAOfVbEEZQkRamA_item_1_23-_-bdp
The Secret Aerodrome,"Charlton, Air Commodore L. E. O.",www.abebooks.com/servlet/BookDetailsPL?bi=1228194259&cm_sp=collections-_-1J2LaTbAOfVbEEZQkRamA_item_1_24-_-bdp
Blood Brothers,"Andersen, Doris",www.abebooks.com/servlet/BookDetailsPL?bi=30031697343&cm_sp=collections-_-1J2LaTbAOfVbEEZQkRamA_item_1_25-_-bdp
MARJORIE IN COMMAND,"Wells, Carolyn",www.abebooks.com/servlet/BookDetailsPL?bi=32229204994&cm_sp=collections-_-1J2LaTbAOfVbEEZQkRamA_item_1_26-_-bdp
The Treasure of the Incas ; A Story of Adventure in Peru,"Henty, G.A.",www.abebooks.com/servlet/BookDetailsPL?bi=21630018546&cm_sp=collections-_-1J2LaTbAOfVbEEZQkRamA_item_1_27-_-bdp
Truckers,"Pratchett, Terry",www.abebooks.com/servlet/BookDetailsPL?bi=22670292671&cm_sp=collections-_-1J2LaTbAOfVbEEZQkRamA_item_1_28-_-bdp
The Bronte Girls,"Kilworth, Garry Douglas",www.abebooks.com/servlet/BookDetailsPL?bi=1398012811&cm_sp=collections-_-1J2LaTbAOfVbEEZQkRamA_item_1_29-_-bdp
Mystery at the Edge of Two Worlds,"Harris, Christie; Lou Crockett (illustrator)",www.abebooks.com/servlet/BookDetailsPL?bi=5848443719&cm_sp=collections-_-1J2LaTbAOfVbEEZQkRamA_item_1_30-_-bdp
The Lion of St. Mark A Story of Venice in the Fourteenth Century,"Henty, G. A.",www.abebooks.com/servlet/BookDetailsPL?bi=21630018545&cm_sp=collections-_-1J2LaTbAOfVbEEZQkRamA_item_1_31-_-bdp
The Kryptonite Kid,"Torchia, Joseph",www.abebooks.com/servlet/BookDetailsPL?bi=31955574832&cm_sp=collections-_-1J2LaTbAOfVbEEZQkRamA_item_1_32-_-bdp
The Gawgon and The Boy,"Alexander, Lloyd",www.abebooks.com/servlet/BookDetailsPL?bi=13520764529&cm_sp=collections-_-1J2LaTbAOfVbEEZQkRamA_item_1_33-_-bdp
The Barbary Pirates,"Forester, C S",www.abebooks.com/servlet/BookDetailsPL?bi=13804211623&cm_sp=collections-_-1J2LaTbAOfVbEEZQkRamA_item_1_34-_-bdp
Willow and Twig,"Little, Jean",www.abebooks.com/servlet/BookDetailsPL?bi=30439340125&cm_sp=collections-_-1J2LaTbAOfVbEEZQkRamA_item_1_35-_-bdp
HARBOR PIRATES,"Stratton, Clarence, Charles K. Stevens (illustrator)",www.abebooks.com/servlet/BookDetailsPL?bi=152788758&cm_sp=collections-_-1J2LaTbAOfVbEEZQkRamA_item_1_36-_-bdp
My Life As a Dog,"Jonsson, Reidar",www.abebooks.com/servlet/BookDetailsPL?bi=5623589449&cm_sp=collections-_-1J2LaTbAOfVbEEZQkRamA_item_1_37-_-bdp
The Great Thirst,"Seed, Jenny",www.abebooks.com/servlet/BookDetailsPL?bi=22414962593&cm_sp=collections-_-1J2LaTbAOfVbEEZQkRamA_item_1_38-_-bdp
King of the Middle March,"Crossley-Holland, Kevin",www.abebooks.com/servlet/BookDetailsPL?bi=31897794337&cm_sp=collections-_-1J2LaTbAOfVbEEZQkRamA_item_1_39-_-bdp
"Saturday's Hero A portrait of fighter pilot, Raymond Collishaw, helps a young Canadian prepare fo...","Pettit, B. J",www.abebooks.com/servlet/BookDetailsPL?bi=30874800758&cm_sp=collections-_-1J2LaTbAOfVbEEZQkRamA_item_1_40-_-bdp
The Glass Sentence,"Grove, S.E.",www.abebooks.com/servlet/BookDetailsPL?bi=22535310233&cm_sp=collections-_-1J2LaTbAOfVbEEZQkRamA_item_1_41-_-bdp
Crusade,"Wilson, John",www.abebooks.com/servlet/BookDetailsPL?bi=22602525969&cm_sp=collections-_-1J2LaTbAOfVbEEZQkRamA_item_1_42-_-bdp
Tales from Gold Mountain Stories of the Chinese in the New World,"Yee, Paul",www.abebooks.com/servlet/BookDetailsPL?bi=30345261526&cm_sp=collections-_-1J2LaTbAOfVbEEZQkRamA_item_1_43-_-bdp
Brownie,"Le Feuvre, Amy",www.abebooks.com/servlet/BookDetailsPL?bi=19624068264&cm_sp=collections-_-1J2LaTbAOfVbEEZQkRamA_item_1_44-_-bdp
Le Cadeau de César (French Edition),René Goscinny (writer )& Albert Uderzo (Drawings),www.abebooks.com/servlet/BookDetailsPL?bi=17147204870&cm_sp=collections-_-1J2LaTbAOfVbEEZQkRamA_item_1_45-_-bdp
A Perfect Gentle Knight,"Pearson, Kit",www.abebooks.com/servlet/BookDetailsPL?bi=31540302923&cm_sp=collections-_-1J2LaTbAOfVbEEZQkRamA_item_1_46-_-bdp
ETHEL MORTON AND THE CHRISTMAS SHIP,"Smith, Mabell S.C. & Illustrated",www.abebooks.com/servlet/BookDetailsPL?bi=1240041002&cm_sp=collections-_-1J2LaTbAOfVbEEZQkRamA_item_1_47-_-bdp
Telling Our Story ; A History of the Jews in Canada to 1920,"Balofsky, Meir D. & Donnie Friedman & Jack Lipinsky",www.abebooks.com/servlet/BookDetailsPL?bi=9555098932&cm_sp=collections-_-1J2LaTbAOfVbEEZQkRamA_item_1_48-_-bdp
Beneath the Eagle's Eye,"Smith, Franklin Hyrum & Trudi Christensen",www.abebooks.com/servlet/BookDetailsPL?bi=14803061763&cm_sp=collections-_-1J2LaTbAOfVbEEZQkRamA_item_1_49-_-bdp
Tug of War,"Lingard, Joan",www.abebooks.com/servlet/BookDetailsPL?bi=1266752254&cm_sp=collections-_-1J2LaTbAOfVbEEZQkRamA_item_1_50-_-bdp
The Pathfinder,"Cooper, J. Fenimore",www.abebooks.com/servlet/BookDetailsPL?bi=30829903247&cm_sp=collections-_-1J2LaTbAOfVbEEZQkRamA_item_1_51-_-bdp
Summer Pudding,"Simpson, Andrew",www.abebooks.com/servlet/BookDetailsPL?bi=30874813145&cm_sp=collections-_-1J2LaTbAOfVbEEZQkRamA_item_1_52-_-bdp
Voyage into Danger; Adventure in the Queen Charlotte Islands,"Ashlee, Ted",www.abebooks.com/servlet/BookDetailsPL?bi=4786575011&cm_sp=collections-_-1J2LaTbAOfVbEEZQkRamA_item_1_53-_-bdp
The Boggart,"Cooper, Susan",www.abebooks.com/servlet/BookDetailsPL?bi=31321930644&cm_sp=collections-_-1J2LaTbAOfVbEEZQkRamA_item_1_54-_-bdp
The Marvels,"Selznick, Brian",www.abebooks.com/servlet/BookDetailsPL?bi=31579410468&cm_sp=collections-_-1SPKZKn4WyBB8tucF3DPUe_item_1_1-_-bdp
New Moon,"Meyer, Stephenie",www.abebooks.com/servlet/BookDetailsPL?bi=32401683507&cm_sp=collections-_-1SPKZKn4WyBB8tucF3DPUe_item_1_2-_-bdp
Kingdom Keepers VII: The Insider (Signed 1st Edition),"Pearson, Ridley",www.abebooks.com/servlet/BookDetailsPL?bi=32319962870&cm_sp=collections-_-1SPKZKn4WyBB8tucF3DPUe_item_1_3-_-bdp
Cinder,"Meyer, Marissa",www.abebooks.com/servlet/BookDetailsPL?bi=32298703669&cm_sp=collections-_-1SPKZKn4WyBB8tucF3DPUe_item_1_4-_-bdp
Sky Raiders (Five Kingdoms),"Mull, Brandon",www.abebooks.com/servlet/BookDetailsPL?bi=31955532056&cm_sp=collections-_-1SPKZKn4WyBB8tucF3DPUe_item_1_5-_-bdp
The Warrior Heir,"Chima, Cinda Williams (Author)",www.abebooks.com/servlet/BookDetailsPL?bi=31710014171&cm_sp=collections-_-1SPKZKn4WyBB8tucF3DPUe_item_1_6-_-bdp
Afterworlds,"Westerfeld, Scott",www.abebooks.com/servlet/BookDetailsPL?bi=32017611930&cm_sp=collections-_-1SPKZKn4WyBB8tucF3DPUe_item_1_7-_-bdp
Looking For Alaska,"Green, John",www.abebooks.com/servlet/BookDetailsPL?bi=31572077571&cm_sp=collections-_-1mcAw4zU90e1LI3VYnXl3k_item_1_1-_-bdp
Enchantress From The Stars,"Engdahl, Sylvia Louise",www.abebooks.com/servlet/BookDetailsPL?bi=31571876061&cm_sp=collections-_-1mcAw4zU90e1LI3VYnXl3k_item_1_2-_-bdp
"Solitary Blue, A","Voigt, Cynthia",www.abebooks.com/servlet/BookDetailsPL?bi=31571810288&cm_sp=collections-_-1mcAw4zU90e1LI3VYnXl3k_item_1_3-_-bdp
Curveball The Year I Lost My Grip,"Sonnenblick, Jordan",www.abebooks.com/servlet/BookDetailsPL?bi=32022091249&cm_sp=collections-_-1mcAw4zU90e1LI3VYnXl3k_item_1_4-_-bdp
Between The Spark And The Burn,"Tucholke, April Genevieve",www.abebooks.com/servlet/BookDetailsPL?bi=31572072472&cm_sp=collections-_-1mcAw4zU90e1LI3VYnXl3k_item_1_5-_-bdp
Bridge To Terabithia,"Paterson, Katherine",www.abebooks.com/servlet/BookDetailsPL?bi=31571894609&cm_sp=collections-_-1mcAw4zU90e1LI3VYnXl3k_item_1_6-_-bdp
Inside Out And Back Again,"Lai, Thanhha",www.abebooks.com/servlet/BookDetailsPL?bi=31572044818&cm_sp=collections-_-1mcAw4zU90e1LI3VYnXl3k_item_1_7-_-bdp
Misty Of Chincoteague,"Henry, Marguerite",www.abebooks.com/servlet/BookDetailsPL?bi=31571917985&cm_sp=collections-_-1mcAw4zU90e1LI3VYnXl3k_item_1_8-_-bdp
Chains,"Anderson, Laurie Halse",www.abebooks.com/servlet/BookDetailsPL?bi=31745681177&cm_sp=collections-_-1mcAw4zU90e1LI3VYnXl3k_item_1_9-_-bdp
Meet Felicity,"Tripp, Valerie",www.abebooks.com/servlet/BookDetailsPL?bi=31571917982&cm_sp=collections-_-1mcAw4zU90e1LI3VYnXl3k_item_1_10-_-bdp
Meet Felicity,"Tripp, Valerie",www.abebooks.com/servlet/BookDetailsPL?bi=31571920924&cm_sp=collections-_-1mcAw4zU90e1LI3VYnXl3k_item_1_11-_-bdp
Tales From A Not-So-Fabulous Life,"Russell, Rachel Renee",www.abebooks.com/servlet/BookDetailsPL?bi=32022089345&cm_sp=collections-_-1mcAw4zU90e1LI3VYnXl3k_item_1_12-_-bdp
"Happy Birthday, Felicity! A Springtime Story, 1774","Tripp, Valerie",www.abebooks.com/servlet/BookDetailsPL?bi=31571919929&cm_sp=collections-_-1mcAw4zU90e1LI3VYnXl3k_item_1_13-_-bdp
Felicity Learns A Lesson,"Tripp, Valerie",www.abebooks.com/servlet/BookDetailsPL?bi=31571912722&cm_sp=collections-_-1mcAw4zU90e1LI3VYnXl3k_item_1_14-_-bdp
"Drums, Girls, And Dangerous Pie","Sonnenblick, Jordan",www.abebooks.com/servlet/BookDetailsPL?bi=31571913626&cm_sp=collections-_-1mcAw4zU90e1LI3VYnXl3k_item_1_15-_-bdp
Auggie & Me,"Palacio, R.J.",www.abebooks.com/servlet/BookDetailsPL?bi=31572077561&cm_sp=collections-_-1mcAw4zU90e1LI3VYnXl3k_item_1_16-_-bdp
Indian Captive: The Story Of Mary Jemison,"Lenski, Lois",www.abebooks.com/servlet/BookDetailsPL?bi=31571918965&cm_sp=collections-_-1mcAw4zU90e1LI3VYnXl3k_item_1_17-_-bdp
I Heard the Owl Call My Name,"Craven, Margaret",www.abebooks.com/servlet/BookDetailsPL?bi=31571878982&cm_sp=collections-_-1mcAw4zU90e1LI3VYnXl3k_item_1_18-_-bdp
"Meet Josefina, An American Girl","Tripp, Valerie",www.abebooks.com/servlet/BookDetailsPL?bi=31571919928&cm_sp=collections-_-1mcAw4zU90e1LI3VYnXl3k_item_1_19-_-bdp
The Story Of King Arthur & His Knights,"Pyle, Howard",www.abebooks.com/servlet/BookDetailsPL?bi=31725518212&cm_sp=collections-_-1mcAw4zU90e1LI3VYnXl3k_item_1_20-_-bdp
Changes For Molly,"Tripp, Valerie",www.abebooks.com/servlet/BookDetailsPL?bi=31571916969&cm_sp=collections-_-1mcAw4zU90e1LI3VYnXl3k_item_1_21-_-bdp
Hilo Book 1: The Boy Who Crashed To Earth,"Winick, Judd",www.abebooks.com/servlet/BookDetailsPL?bi=32282767276&cm_sp=collections-_-1mcAw4zU90e1LI3VYnXl3k_item_1_22-_-bdp
Oliver Twist,"Dickens, Charles",www.abebooks.com/servlet/BookDetailsPL?bi=31725508654&cm_sp=collections-_-1mcAw4zU90e1LI3VYnXl3k_item_1_23-_-bdp
Navigating Early,"Vanderpool, Clare",www.abebooks.com/servlet/BookDetailsPL?bi=32361573454&cm_sp=collections-_-1mcAw4zU90e1LI3VYnXl3k_item_1_24-_-bdp
Winnie-The-Pooh,"Milne, A.A.",www.abebooks.com/servlet/BookDetailsPL?bi=32069654941&cm_sp=collections-_-1mcAw4zU90e1LI3VYnXl3k_item_1_25-_-bdp
"Wanderer, The","Creech, Sharon",www.abebooks.com/servlet/BookDetailsPL?bi=31571916971&cm_sp=collections-_-1mcAw4zU90e1LI3VYnXl3k_item_1_26-_-bdp
"Game Of Silence, The","Erdrich, Louise",www.abebooks.com/servlet/BookDetailsPL?bi=31740236036&cm_sp=collections-_-1mcAw4zU90e1LI3VYnXl3k_item_1_27-_-bdp
"True Confessions Of Charlotte Doyle, The","Robinson, Barbara",www.abebooks.com/servlet/BookDetailsPL?bi=31571904963&cm_sp=collections-_-1mcAw4zU90e1LI3VYnXl3k_item_1_28-_-bdp
Peak,"Smith, Roland",www.abebooks.com/servlet/BookDetailsPL?bi=31571897043&cm_sp=collections-_-1mcAw4zU90e1LI3VYnXl3k_item_1_29-_-bdp
Daughter Of The Mountains,"Rankin, Louise S.",www.abebooks.com/servlet/BookDetailsPL?bi=31571917002&cm_sp=collections-_-1mcAw4zU90e1LI3VYnXl3k_item_1_30-_-bdp
Lockdown,"Smith, Alexander Gordon",www.abebooks.com/servlet/BookDetailsPL?bi=31572076846&cm_sp=collections-_-1mcAw4zU90e1LI3VYnXl3k_item_1_31-_-bdp
Dancing Shoes,"Streatfeild, Noel",www.abebooks.com/servlet/BookDetailsPL?bi=31572076946&cm_sp=collections-_-1mcAw4zU90e1LI3VYnXl3k_item_1_32-_-bdp
"House At Pooh Corner, The","Milne, A.A. ; Shepard, Ernest H.",www.abebooks.com/servlet/BookDetailsPL?bi=31741749739&cm_sp=collections-_-1mcAw4zU90e1LI3VYnXl3k_item_1_33-_-bdp
Jacob Have I Loved,"Paterson, Katherine",www.abebooks.com/servlet/BookDetailsPL?bi=31571896865&cm_sp=collections-_-1mcAw4zU90e1LI3VYnXl3k_item_1_34-_-bdp
Hope Was Here,"Bauer, Joan",www.abebooks.com/servlet/BookDetailsPL?bi=31571903438&cm_sp=collections-_-1mcAw4zU90e1LI3VYnXl3k_item_1_35-_-bdp
Lies,"Grant, Michael",www.abebooks.com/servlet/BookDetailsPL?bi=31745663884&cm_sp=collections-_-1mcAw4zU90e1LI3VYnXl3k_item_1_36-_-bdp
Classic Starts: Heidi,"Spyri, Johanna",www.abebooks.com/servlet/BookDetailsPL?bi=31745663883&cm_sp=collections-_-1mcAw4zU90e1LI3VYnXl3k_item_1_37-_-bdp
George's Secret Key To The Universe,"Hawking, Lucy & Stephen",www.abebooks.com/servlet/BookDetailsPL?bi=31572045018&cm_sp=collections-_-1mcAw4zU90e1LI3VYnXl3k_item_1_38-_-bdp
Shooting Kabul,"Senzai, N.H.",www.abebooks.com/servlet/BookDetailsPL?bi=31775665324&cm_sp=collections-_-1mcAw4zU90e1LI3VYnXl3k_item_1_39-_-bdp
Brian's Winter,"Paulsen, Gary",www.abebooks.com/servlet/BookDetailsPL?bi=31571849249&cm_sp=collections-_-1mcAw4zU90e1LI3VYnXl3k_item_1_40-_-bdp
"Wind In The Willows, The","Grahame, Kenneth",www.abebooks.com/servlet/BookDetailsPL?bi=31725517289&cm_sp=collections-_-1mcAw4zU90e1LI3VYnXl3k_item_1_41-_-bdp
This Lullaby,"Dessen, Sarah",www.abebooks.com/servlet/BookDetailsPL?bi=31572032882&cm_sp=collections-_-1mcAw4zU90e1LI3VYnXl3k_item_1_42-_-bdp
From The Mixed-Up Files Of Mrs. Basil E. Frankweil,"Koningsburg, E.L.",www.abebooks.com/servlet/BookDetailsPL?bi=31571899687&cm_sp=collections-_-1mcAw4zU90e1LI3VYnXl3k_item_1_43-_-bdp
"Witch Of Blackbird Pond, The","Speare, Elizabeth George",www.abebooks.com/servlet/BookDetailsPL?bi=31571917660&cm_sp=collections-_-1mcAw4zU90e1LI3VYnXl3k_item_1_44-_-bdp
Notes From The Midnight Driver,"Sonnenblick, Jordan",www.abebooks.com/servlet/BookDetailsPL?bi=32022098920&cm_sp=collections-_-1mcAw4zU90e1LI3VYnXl3k_item_1_45-_-bdp
"Battle Of Jericho, The","Draper, Sharon M.",www.abebooks.com/servlet/BookDetailsPL?bi=31571814887&cm_sp=collections-_-1mcAw4zU90e1LI3VYnXl3k_item_1_46-_-bdp
Among The Impostors,"Haddix, Margaret Peterson",www.abebooks.com/servlet/BookDetailsPL?bi=31571915461&cm_sp=collections-_-1mcAw4zU90e1LI3VYnXl3k_item_1_47-_-bdp
Classic Starts: Black Beauty,"Sewell, Anna",www.abebooks.com/servlet/BookDetailsPL?bi=31745675424&cm_sp=collections-_-1mcAw4zU90e1LI3VYnXl3k_item_1_48-_-bdp
"Road to Damietta, The","O'Dell, Scott",www.abebooks.com/servlet/BookDetailsPL?bi=31571869366&cm_sp=collections-_-1mcAw4zU90e1LI3VYnXl3k_item_1_49-_-bdp
Call It Courage,"Sperry, Armstrong",www.abebooks.com/servlet/BookDetailsPL?bi=31571866347&cm_sp=collections-_-1mcAw4zU90e1LI3VYnXl3k_item_1_50-_-bdp
So Far From The Bamboo Grove,"Watkins, Yoko Kawashima",www.abebooks.com/servlet/BookDetailsPL?bi=31572040454&cm_sp=collections-_-1mcAw4zU90e1LI3VYnXl3k_item_1_51-_-bdp
"Secret Seven, The","Blyton, Enid",www.abebooks.com/servlet/BookDetailsPL?bi=31571853713&cm_sp=collections-_-1mcAw4zU90e1LI3VYnXl3k_item_1_52-_-bdp
J.T.,"Wagner, Jane",www.abebooks.com/servlet/BookDetailsPL?bi=31686116077&cm_sp=collections-_-1mcAw4zU90e1LI3VYnXl3k_item_1_53-_-bdp
"Find A Stranger, Say Goodbye","Lowry, Lois",www.abebooks.com/servlet/BookDetailsPL?bi=32116495805&cm_sp=collections-_-1mcAw4zU90e1LI3VYnXl3k_item_1_54-_-bdp
"Fall, The","Muchamore, Robert",www.abebooks.com/servlet/BookDetailsPL?bi=31572040092&cm_sp=collections-_-1mcAw4zU90e1LI3VYnXl3k_item_1_55-_-bdp
"Primrose Way, The","Koller, Jackie French",www.abebooks.com/servlet/BookDetailsPL?bi=31572028352&cm_sp=collections-_-1mcAw4zU90e1LI3VYnXl3k_item_1_56-_-bdp
The Forbidden Game: The Hunter; The Chase; The Kil,"Smith, L.J.",www.abebooks.com/servlet/BookDetailsPL?bi=31572043616&cm_sp=collections-_-1mcAw4zU90e1LI3VYnXl3k_item_1_57-_-bdp
"Secret Of The Fortune Wookiee, The","Angleberger, Tom",www.abebooks.com/servlet/BookDetailsPL?bi=32366282356&cm_sp=collections-_-1mcAw4zU90e1LI3VYnXl3k_item_1_58-_-bdp
Guts,"Paulsen, Gary",www.abebooks.com/servlet/BookDetailsPL?bi=31572078875&cm_sp=collections-_-1mcAw4zU90e1LI3VYnXl3k_item_1_59-_-bdp
"Foreshadowing, The","Sedgwick, Marcus",www.abebooks.com/servlet/BookDetailsPL?bi=31571841430&cm_sp=collections-_-1mcAw4zU90e1LI3VYnXl3k_item_1_60-_-bdp
WONDER STRUCK,BRIAN SELZNICK,www.abebooks.com/servlet/BookDetailsPL?bi=32329877508&cm_sp=collections-_-1dP8sdLeZyAafnA8nnaQ8m_item_1_1-_-bdp
THE WIND IN THE WILLOWS,KENNETH GRAHAME,www.abebooks.com/servlet/BookDetailsPL?bi=32118570703&cm_sp=collections-_-1dP8sdLeZyAafnA8nnaQ8m_item_1_2-_-bdp
WONDER STRUCK (Advance Reader's Copy),BRIAN SELZNICK,www.abebooks.com/servlet/BookDetailsPL?bi=32264686530&cm_sp=collections-_-1dP8sdLeZyAafnA8nnaQ8m_item_1_3-_-bdp
MISS PEREGRINE'S PECULIAR CHILDREN BOXED SET: Miss Peregrine's Peculiar Children; Hollow City; Li...,RANSOM RIGGS,www.abebooks.com/servlet/BookDetailsPL?bi=31711004333&cm_sp=collections-_-1dP8sdLeZyAafnA8nnaQ8m_item_1_4-_-bdp
THE FIRE KEEPER,J. C. CERVANTES,www.abebooks.com/servlet/BookDetailsPL?bi=32361634393&cm_sp=collections-_-1dP8sdLeZyAafnA8nnaQ8m_item_1_5-_-bdp
BEASTS AND BEAUTY: Dangerous Tales,SOMAN CHAINANI,www.abebooks.com/servlet/BookDetailsPL?bi=32114863442&cm_sp=collections-_-1dP8sdLeZyAafnA8nnaQ8m_item_1_6-_-bdp
ASSASSIN'S HEART,SARAH AHIERS,www.abebooks.com/servlet/BookDetailsPL?bi=32298828106&cm_sp=collections-_-1dP8sdLeZyAafnA8nnaQ8m_item_1_7-_-bdp
HARLEY MERLIN AND THE FIRST RITUAL,BELLA FORREST,www.abebooks.com/servlet/BookDetailsPL?bi=32378681220&cm_sp=collections-_-1dP8sdLeZyAafnA8nnaQ8m_item_1_8-_-bdp
HARLEY MERLIN AND THE CHALLENGE OF CHAOS,BELLA FORREST,www.abebooks.com/servlet/BookDetailsPL?bi=32378894890&cm_sp=collections-_-1dP8sdLeZyAafnA8nnaQ8m_item_1_9-_-bdp
HARLEY MERLIN AND THE STOLEN MAGICALS,BELLA FORREST,www.abebooks.com/servlet/BookDetailsPL?bi=32378673821&cm_sp=collections-_-1dP8sdLeZyAafnA8nnaQ8m_item_1_10-_-bdp
THE SERPENT'S SHADOW (Include's The Ancient Scroll),RICK RIORDAN,www.abebooks.com/servlet/BookDetailsPL?bi=32386540544&cm_sp=collections-_-1dP8sdLeZyAafnA8nnaQ8m_item_1_11-_-bdp
DICK O' THE FENS: A TALE OF THE GREAT EAST SWAMP,G. MANVILLE FENN,www.abebooks.com/servlet/BookDetailsPL?bi=32124540849&cm_sp=collections-_-1dP8sdLeZyAafnA8nnaQ8m_item_1_12-_-bdp
HARLEY MERLIN AND THE BROKEN SPELL,BELLA FORREST,www.abebooks.com/servlet/BookDetailsPL?bi=32378681344&cm_sp=collections-_-1dP8sdLeZyAafnA8nnaQ8m_item_1_13-_-bdp
HARLEY MERLIN AND THE CULT OF ERIS,BELLA FORREST,www.abebooks.com/servlet/BookDetailsPL?bi=32378883573&cm_sp=collections-_-1dP8sdLeZyAafnA8nnaQ8m_item_1_14-_-bdp
HARLEY MERLIN AND THE MYSTERY TWINS,BELLA FORREST,www.abebooks.com/servlet/BookDetailsPL?bi=32378669980&cm_sp=collections-_-1dP8sdLeZyAafnA8nnaQ8m_item_1_15-_-bdp
HARLEY MERLIN AND THE SECRET COVER,BELLA FORREST,www.abebooks.com/servlet/BookDetailsPL?bi=32378671694&cm_sp=collections-_-1dP8sdLeZyAafnA8nnaQ8m_item_1_16-_-bdp
HARLEY MERLIN AND THE DETECTOR FIX,BELLA FORREST,www.abebooks.com/servlet/BookDetailsPL?bi=32378877098&cm_sp=collections-_-1dP8sdLeZyAafnA8nnaQ8m_item_1_17-_-bdp
THE KNIGHT OF THE RED BEARD,ANDRE NORTON AND SASHA MILLER,www.abebooks.com/servlet/BookDetailsPL?bi=32250301031&cm_sp=collections-_-1dP8sdLeZyAafnA8nnaQ8m_item_1_18-_-bdp
HARLEY MERLIN AND THE MORTAL PACT,BELLA FORREST,www.abebooks.com/servlet/BookDetailsPL?bi=32378890156&cm_sp=collections-_-1dP8sdLeZyAafnA8nnaQ8m_item_1_19-_-bdp
THE BOOK OF INDIANS; Illustrated by H. C. and Lucille Holling,"Holling, Holling C.",www.abebooks.com/servlet/BookDetailsPL?bi=30776986897&cm_sp=collections-_-1dFKzGZa4EgsceIVlVXZfY_item_1_1-_-bdp
SOUTH PACIFIC; BY James A. Michener (as Told by); Based on Rogers and Hammerstein,"MICHENER, JAMES A.",www.abebooks.com/servlet/BookDetailsPL?bi=31377460168&cm_sp=collections-_-1dFKzGZa4EgsceIVlVXZfY_item_1_2-_-bdp
GOODY HALL; Story and Pictures by Natalie Babbitt,"Babbitt, Natalie",www.abebooks.com/servlet/BookDetailsPL?bi=31351650193&cm_sp=collections-_-1dFKzGZa4EgsceIVlVXZfY_item_1_3-_-bdp
THE NUTCRACKER MICE; Kristin Kladstrup / illustrated by Brett Helquist,"Kladstrup, Kristin",www.abebooks.com/servlet/BookDetailsPL?bi=31061698892&cm_sp=collections-_-1dFKzGZa4EgsceIVlVXZfY_item_1_4-_-bdp
VICARIOUS; Paula Stokes,"Stokes, Paula",www.abebooks.com/servlet/BookDetailsPL?bi=30607301866&cm_sp=collections-_-1dFKzGZa4EgsceIVlVXZfY_item_1_5-_-bdp
THE INITIAL INSULT,"McGinnis, Mindy",www.abebooks.com/servlet/BookDetailsPL?bi=31149432427&cm_sp=collections-_-1dFKzGZa4EgsceIVlVXZfY_item_1_6-_-bdp
LOVELY WAR,"Berry, Julie",www.abebooks.com/servlet/BookDetailsPL?bi=31450093542&cm_sp=collections-_-1dFKzGZa4EgsceIVlVXZfY_item_1_7-_-bdp
MATRIX,"Lauren, Groff",www.abebooks.com/servlet/BookDetailsPL?bi=31212319681&cm_sp=collections-_-1dFKzGZa4EgsceIVlVXZfY_item_1_8-_-bdp
PRIDE; Ibi Zoboi,"Zoboi, Ibi",www.abebooks.com/servlet/BookDetailsPL?bi=30595982963&cm_sp=collections-_-1dFKzGZa4EgsceIVlVXZfY_item_1_9-_-bdp
CALICO AND TIN HORNS; Candace Christiansen,"Christiansen, Candace / Thomas Locker, artist",www.abebooks.com/servlet/BookDetailsPL?bi=32076513317&cm_sp=collections-_-1dFKzGZa4EgsceIVlVXZfY_item_1_10-_-bdp
UNDER THE PERSIMMON TREE,"Staples, Suzanne Fisher",www.abebooks.com/servlet/BookDetailsPL?bi=30831213251&cm_sp=collections-_-1dFKzGZa4EgsceIVlVXZfY_item_1_11-_-bdp
TURTLES ALL THE WAY DOWN,"Green, John",www.abebooks.com/servlet/BookDetailsPL?bi=30458560708&cm_sp=collections-_-1dFKzGZa4EgsceIVlVXZfY_item_1_12-_-bdp
BRIDGE OF CLAY,"Zusak, Markus",www.abebooks.com/servlet/BookDetailsPL?bi=31472835729&cm_sp=collections-_-1dFKzGZa4EgsceIVlVXZfY_item_1_13-_-bdp
CHAIN OF GOLD; The Last Hours / Book One,"Clare, Cassandra",www.abebooks.com/servlet/BookDetailsPL?bi=31840349947&cm_sp=collections-_-1dFKzGZa4EgsceIVlVXZfY_item_1_14-_-bdp
INSURGENT; Collector's Edition,"Roth, Veronica",www.abebooks.com/servlet/BookDetailsPL?bi=31061709151&cm_sp=collections-_-1dFKzGZa4EgsceIVlVXZfY_item_1_15-_-bdp
THE COMEBACK SEASON,"Smith, Jennifer E.",www.abebooks.com/servlet/BookDetailsPL?bi=30528981953&cm_sp=collections-_-1dFKzGZa4EgsceIVlVXZfY_item_1_16-_-bdp
THE LANGUAGE OF THORNS; Midnight Tales and Dangerous Magic / Illustrated by Sara Kipin,"Bardugo, Leigh",www.abebooks.com/servlet/BookDetailsPL?bi=32075306949&cm_sp=collections-_-1dFKzGZa4EgsceIVlVXZfY_item_1_17-_-bdp
THE FALLEN,"Higson, Charlie",www.abebooks.com/servlet/BookDetailsPL?bi=31254397439&cm_sp=collections-_-1dFKzGZa4EgsceIVlVXZfY_item_1_18-_-bdp
TIME OUT OF TIME; Beyond the Door,"McQuerry, Maureen Doyle",www.abebooks.com/servlet/BookDetailsPL?bi=30909757181&cm_sp=collections-_-1dFKzGZa4EgsceIVlVXZfY_item_1_19-_-bdp
THE STRANGE FASCINATIONS OF NOAH HYPNOTIK,"Arnold, David",www.abebooks.com/servlet/BookDetailsPL?bi=31212483360&cm_sp=collections-_-1dFKzGZa4EgsceIVlVXZfY_item_1_20-_-bdp
TO BEST THE BOYS,"Weber, Mary",www.abebooks.com/servlet/BookDetailsPL?bi=30811183503&cm_sp=collections-_-1dFKzGZa4EgsceIVlVXZfY_item_1_21-_-bdp
THE CHRONICLES OF ØREN; Cover design by Libby Caruth Krock / By Alan St. Jean,"St. Jean, Alan",www.abebooks.com/servlet/BookDetailsPL?bi=30610685902&cm_sp=collections-_-1dFKzGZa4EgsceIVlVXZfY_item_1_22-_-bdp
THE MAGICIAN; a novel by Sol Stein,"Stein, Sol",www.abebooks.com/servlet/BookDetailsPL?bi=30607008502&cm_sp=collections-_-1dFKzGZa4EgsceIVlVXZfY_item_1_23-_-bdp
I HAVE LOST MY WAY,"Forman, Gayle",www.abebooks.com/servlet/BookDetailsPL?bi=30458565549&cm_sp=collections-_-1dFKzGZa4EgsceIVlVXZfY_item_1_24-_-bdp
MEMOIRS OF A TEENAGE AMNESIAC,"Zevin, Gabrielle",www.abebooks.com/servlet/BookDetailsPL?bi=32221494378&cm_sp=collections-_-1dFKzGZa4EgsceIVlVXZfY_item_1_25-_-bdp
KOPP SISTERS ON THE MARCH,"Amy, Stewart",www.abebooks.com/servlet/BookDetailsPL?bi=32024000210&cm_sp=collections-_-1dFKzGZa4EgsceIVlVXZfY_item_1_26-_-bdp
A CONSPIRACY OF STARS,"Cole, Olivia A.",www.abebooks.com/servlet/BookDetailsPL?bi=30339162739&cm_sp=collections-_-1dFKzGZa4EgsceIVlVXZfY_item_1_27-_-bdp
THE CASUAL VACANCY; and The Goblet of Fire / J.K. Rowling,"Rowling, J. K.",www.abebooks.com/servlet/BookDetailsPL?bi=30551638725&cm_sp=collections-_-1dFKzGZa4EgsceIVlVXZfY_item_1_28-_-bdp
THE TEMPEST; Retold by Ann Keay Beneduce / Illustrated by Gennady Spirin,"[SHAKESPEARE] Beneduce, Ann Keay",www.abebooks.com/servlet/BookDetailsPL?bi=30525204931&cm_sp=collections-_-1dFKzGZa4EgsceIVlVXZfY_item_1_29-_-bdp
THE STORY OF CRAZY HORSE; By Enid Lamonte Meadowcroft / Illustrated by William Reusswig,"Meadowcroft, Enid Lamonte",www.abebooks.com/servlet/BookDetailsPL?bi=30947006954&cm_sp=collections-_-1dFKzGZa4EgsceIVlVXZfY_item_1_30-_-bdp
HAWAII; by Oscar Lewis / Illustrated by Stephen Medvey,"Lewis, Oscar",www.abebooks.com/servlet/BookDetailsPL?bi=30875409510&cm_sp=collections-_-1dFKzGZa4EgsceIVlVXZfY_item_1_31-_-bdp
TRACKERS OF THE FOG PACK; or Jack Ralston Flying Blind,"Newcomb, Ambrose",www.abebooks.com/servlet/BookDetailsPL?bi=30753687743&cm_sp=collections-_-1dFKzGZa4EgsceIVlVXZfY_item_1_32-_-bdp
"MOONRAKER; or, The Female Pirate and Her Friends / By F. Tennyson Jesse","Jesse, F. Tennyson",www.abebooks.com/servlet/BookDetailsPL?bi=30354375425&cm_sp=collections-_-1dFKzGZa4EgsceIVlVXZfY_item_1_33-_-bdp
ROY ROGERS AND THE BANDITS OF SAWTOOTH RIDGE; An original story featuring Roy Rogers famous motio...,"Miller, Snowdon",www.abebooks.com/servlet/BookDetailsPL?bi=30906126043&cm_sp=collections-_-1dFKzGZa4EgsceIVlVXZfY_item_1_34-_-bdp
HARRY POTTER; and The Order of the Phoenix / By J.K. Rowling / Illustrations by Mary Grandpré,"Rowling, J.K.",www.abebooks.com/servlet/BookDetailsPL?bi=30532790269&cm_sp=collections-_-1dFKzGZa4EgsceIVlVXZfY_item_1_35-_-bdp
STARRY MESSENGER; A book depicting the life of a famous scientist - mathematician - astronomer - ...,"Sis, Peter",www.abebooks.com/servlet/BookDetailsPL?bi=30642619116&cm_sp=collections-_-1dFKzGZa4EgsceIVlVXZfY_item_1_36-_-bdp
THE REAL BOOK ABOUT BENJAMIN FRANKLIN; Illustrated by Herbert Danska / Edited by Helen hoke,"Epstein, Samuel and Beryl Williams",www.abebooks.com/servlet/BookDetailsPL?bi=30234943185&cm_sp=collections-_-1dFKzGZa4EgsceIVlVXZfY_item_1_37-_-bdp
Harry Potter Boxed Set [The Philosopher's Stone | The Chamber of Secrets | The Prisoner of Azkaban,"Rowling, J.K.",www.abebooks.com/servlet/BookDetailsPL?bi=31093988470&cm_sp=collections-_-1cVBAS6UgdrzQt8mkbfAKd_item_1_1-_-bdp
Lottie and Lisa | A Novel for Children,"Kastner, Erich",www.abebooks.com/servlet/BookDetailsPL?bi=30837351327&cm_sp=collections-_-1cVBAS6UgdrzQt8mkbfAKd_item_1_2-_-bdp
Scorpion,"James, Will",www.abebooks.com/servlet/BookDetailsPL?bi=32005506551&cm_sp=collections-_-1cVBAS6UgdrzQt8mkbfAKd_item_1_3-_-bdp
The Mystery of the Secret Band,"Lavell, Edith",www.abebooks.com/servlet/BookDetailsPL?bi=22457842853&cm_sp=collections-_-1cVBAS6UgdrzQt8mkbfAKd_item_1_4-_-bdp
The Tomorrow City,"Hughes, Monica",www.abebooks.com/servlet/BookDetailsPL?bi=31856156388&cm_sp=collections-_-1cVBAS6UgdrzQt8mkbfAKd_item_1_5-_-bdp
Mojo and the Russians,"Myers, Walter Dean",www.abebooks.com/servlet/BookDetailsPL?bi=32107668908&cm_sp=collections-_-1cVBAS6UgdrzQt8mkbfAKd_item_1_6-_-bdp
It Ain't All for Nothin',"Myers, Walter Dean",www.abebooks.com/servlet/BookDetailsPL?bi=32107667936&cm_sp=collections-_-1cVBAS6UgdrzQt8mkbfAKd_item_1_7-_-bdp
Castle Tourmandyne,"Hughes, Monica",www.abebooks.com/servlet/BookDetailsPL?bi=31885521374&cm_sp=collections-_-1cVBAS6UgdrzQt8mkbfAKd_item_1_8-_-bdp
Micro Man (Series Canada),"Kropp, Paul",www.abebooks.com/servlet/BookDetailsPL?bi=31832444280&cm_sp=collections-_-1cVBAS6UgdrzQt8mkbfAKd_item_1_9-_-bdp
Heartbreak High,"Sadiq, Nazneen",www.abebooks.com/servlet/BookDetailsPL?bi=32113519376&cm_sp=collections-_-1cVBAS6UgdrzQt8mkbfAKd_item_1_10-_-bdp
The Eye Single,"Merwin, Fannie Spaits",www.abebooks.com/servlet/BookDetailsPL?bi=30195318704&cm_sp=collections-_-1CRVDWq8FUXAchDDsbJlD7_item_1_1-_-bdp
Harry Potter And The Half-Blood Prince,"Rowling, J.K.",www.abebooks.com/servlet/BookDetailsPL?bi=31473785634&cm_sp=collections-_-1CRVDWq8FUXAchDDsbJlD7_item_1_2-_-bdp
Harry Potter and the Deathly Hallows (Book 7) (Deluxe Edition),"Rowling, J. K.",www.abebooks.com/servlet/BookDetailsPL?bi=32150429884&cm_sp=collections-_-1CRVDWq8FUXAchDDsbJlD7_item_1_3-_-bdp
A Yellow Watermelon,"Dunagan, Ted M.",www.abebooks.com/servlet/BookDetailsPL?bi=31795026657&cm_sp=collections-_-1CRVDWq8FUXAchDDsbJlD7_item_1_4-_-bdp
For the Love of Pete: An Orphan Train Story,Ethel Barker,www.abebooks.com/servlet/BookDetailsPL?bi=14137382077&cm_sp=collections-_-1CRVDWq8FUXAchDDsbJlD7_item_1_5-_-bdp
Ace Hits the Big Time,"Murphy, Barbara;Wolkoff, Judie",www.abebooks.com/servlet/BookDetailsPL?bi=22558729702&cm_sp=collections-_-1CRVDWq8FUXAchDDsbJlD7_item_1_6-_-bdp
Eafin Lokdore and the Magician's Lost Medallion,"Edwards, R. G.",www.abebooks.com/servlet/BookDetailsPL?bi=30237457992&cm_sp=collections-_-1CRVDWq8FUXAchDDsbJlD7_item_1_7-_-bdp
The Wildsidhe Chronicles: Book 1 Welcome to the Wildsidhe,"Thomas, Patrick",www.abebooks.com/servlet/BookDetailsPL?bi=8317932102&cm_sp=collections-_-1CRVDWq8FUXAchDDsbJlD7_item_1_8-_-bdp
"Moon-daughters, War-daughters, And Wizards","Mitchell, N. J. W.¢¢¢¢",www.abebooks.com/servlet/BookDetailsPL?bi=3222505220&cm_sp=collections-_-1CRVDWq8FUXAchDDsbJlD7_item_1_9-_-bdp
The Wildsidhe Chronicles: Book 2: Double Cross,"Thomas, Patrick",www.abebooks.com/servlet/BookDetailsPL?bi=8126141473&cm_sp=collections-_-1CRVDWq8FUXAchDDsbJlD7_item_1_10-_-bdp
Lo and Behold,"Lockwood, Myna",www.abebooks.com/servlet/BookDetailsPL?bi=22859179745&cm_sp=collections-_-1CRVDWq8FUXAchDDsbJlD7_item_1_11-_-bdp
For the Love of Pete: An Orphan Train Story,"Barker, Ethel",www.abebooks.com/servlet/BookDetailsPL?bi=13491801662&cm_sp=collections-_-1CRVDWq8FUXAchDDsbJlD7_item_1_12-_-bdp
The Wildsidhe Chronicles: Book 3: Dark Proposal,"Tracy, Judith",www.abebooks.com/servlet/BookDetailsPL?bi=8126141484&cm_sp=collections-_-1CRVDWq8FUXAchDDsbJlD7_item_1_13-_-bdp
"The Wildsidhe Chronicles 6: Car Trouble, the Wildsidhe, Book 6","Cole, Myke",www.abebooks.com/servlet/BookDetailsPL?bi=8126141487&cm_sp=collections-_-1CRVDWq8FUXAchDDsbJlD7_item_1_14-_-bdp
Vampire High: Sophomore Year,"Rees, Douglas",www.abebooks.com/servlet/BookDetailsPL?bi=4928810173&cm_sp=collections-_-1CRVDWq8FUXAchDDsbJlD7_item_1_15-_-bdp
For the Love of Pete: An Orphan Train Story,"Barker, Ethel",www.abebooks.com/servlet/BookDetailsPL?bi=12743581154&cm_sp=collections-_-1CRVDWq8FUXAchDDsbJlD7_item_1_16-_-bdp
"The Wildsidhe Chronicles 4: Legacy, the Wildsidhe, Book 4","Tracy, Judith",www.abebooks.com/servlet/BookDetailsPL?bi=8126141485&cm_sp=collections-_-1CRVDWq8FUXAchDDsbJlD7_item_1_17-_-bdp
Anne Rice's THE VAMPIRE LESTAT: 12 Issue Set,"Rice, Anne Adapted By Perozich, Faye",www.abebooks.com/servlet/BookDetailsPL?bi=31898785386&cm_sp=collections-_-6vNHh0PZs5WZAyR4qMDAPp_item_1_1-_-bdp
Interview With the Vampire,"Rice, Anne",www.abebooks.com/servlet/BookDetailsPL?bi=31072505618&cm_sp=collections-_-6vNHh0PZs5WZAyR4qMDAPp_item_1_2-_-bdp
Brothers to the Death : The Saga of Larten Crepsley Book Four,"Shan, Darren",www.abebooks.com/servlet/BookDetailsPL?bi=31043399812&cm_sp=collections-_-6vNHh0PZs5WZAyR4qMDAPp_item_1_3-_-bdp
Drawing Blood,"Brite, Poppy Z.",www.abebooks.com/servlet/BookDetailsPL?bi=5965969268&cm_sp=collections-_-6vNHh0PZs5WZAyR4qMDAPp_item_1_4-_-bdp
New Moon: WITH EXTRAS,"Meyer, Stephenie",www.abebooks.com/servlet/BookDetailsPL?bi=31380679100&cm_sp=collections-_-6vNHh0PZs5WZAyR4qMDAPp_item_1_5-_-bdp
New Moon,"Meyer, Stephenie",www.abebooks.com/servlet/BookDetailsPL?bi=32319768649&cm_sp=collections-_-6vNHh0PZs5WZAyR4qMDAPp_item_1_6-_-bdp
The Tale of the Body Thief,"Rice, Anne",www.abebooks.com/servlet/BookDetailsPL?bi=31456576909&cm_sp=collections-_-6vNHh0PZs5WZAyR4qMDAPp_item_1_7-_-bdp
The Tale of the Body Thief,"Rice, Anne",www.abebooks.com/servlet/BookDetailsPL?bi=5452418996&cm_sp=collections-_-6vNHh0PZs5WZAyR4qMDAPp_item_1_8-_-bdp
Vittorio the Vampire: New Tales of the Vampires,"Rice, Anne",www.abebooks.com/servlet/BookDetailsPL?bi=12503313732&cm_sp=collections-_-6vNHh0PZs5WZAyR4qMDAPp_item_1_9-_-bdp
Vittorio the Vampire: New Tales of the Vampires,"Rice, Anne",www.abebooks.com/servlet/BookDetailsPL?bi=16863582034&cm_sp=collections-_-6vNHh0PZs5WZAyR4qMDAPp_item_1_10-_-bdp
The Twelve: Book Two of the Passage Trilogy,"Cronin, Justin",www.abebooks.com/servlet/BookDetailsPL?bi=21620878367&cm_sp=collections-_-6vNHh0PZs5WZAyR4qMDAPp_item_1_11-_-bdp
New Moon,"Meyer, Stephenie",www.abebooks.com/servlet/BookDetailsPL?bi=31380685921&cm_sp=collections-_-6vNHh0PZs5WZAyR4qMDAPp_item_1_12-_-bdp
New Moon,"Meyer, Stephenie",www.abebooks.com/servlet/BookDetailsPL?bi=31273244614&cm_sp=collections-_-6vNHh0PZs5WZAyR4qMDAPp_item_1_13-_-bdp
The Queen of the Damned,"Rice, Anne",www.abebooks.com/servlet/BookDetailsPL?bi=31071822478&cm_sp=collections-_-6vNHh0PZs5WZAyR4qMDAPp_item_1_14-_-bdp
THE BLOOD COUNTESS,"CODRESCU,ANDREI",www.abebooks.com/servlet/BookDetailsPL?bi=1110251312&cm_sp=collections-_-6vNHh0PZs5WZAyR4qMDAPp_item_1_15-_-bdp
The Tale of the Body Thief,"Rice, Anne",www.abebooks.com/servlet/BookDetailsPL?bi=32380980235&cm_sp=collections-_-6vNHh0PZs5WZAyR4qMDAPp_item_1_16-_-bdp
The Tale of the Body Thief,"Rice, Anne",www.abebooks.com/servlet/BookDetailsPL?bi=148164208&cm_sp=collections-_-6vNHh0PZs5WZAyR4qMDAPp_item_1_17-_-bdp
Seduced By Moonlight,"Hamilton, Laurell K.",www.abebooks.com/servlet/BookDetailsPL?bi=2339341813&cm_sp=collections-_-6vNHh0PZs5WZAyR4qMDAPp_item_1_18-_-bdp
THE DIARIES OF THE FAMILY DRACUL: COVENANT WITH THE VAMPIRE/ LORD OF THE VAMPIRES/CHILDREN OF THE...,"KALOGRIDIS,JEANNE",www.abebooks.com/servlet/BookDetailsPL?bi=151712830&cm_sp=collections-_-6vNHh0PZs5WZAyR4qMDAPp_item_1_19-_-bdp
The Vampire Companion: The Official Guide to Anne Rice's the Vampire Chronicles,"Ramsland, Katherine w/Rice Anne",www.abebooks.com/servlet/BookDetailsPL?bi=3553900356&cm_sp=collections-_-6vNHh0PZs5WZAyR4qMDAPp_item_1_20-_-bdp
The Inquisition: Deus Vult,"Estes, Jim",www.abebooks.com/servlet/BookDetailsPL?bi=1360700693&cm_sp=collections-_-6vNHh0PZs5WZAyR4qMDAPp_item_1_21-_-bdp
"Baltimore or, The Steadfast Tin Soldier and the Vampire","Mignola,Mike and Golden,Christopher",www.abebooks.com/servlet/BookDetailsPL?bi=1120621860&cm_sp=collections-_-6vNHh0PZs5WZAyR4qMDAPp_item_1_22-_-bdp
Blood Is Not Enough: 17 Stories of Vampirism,"Datlow, Ellen-Editor",www.abebooks.com/servlet/BookDetailsPL?bi=153364288&cm_sp=collections-_-6vNHh0PZs5WZAyR4qMDAPp_item_1_23-_-bdp
THE UNAUTHORIZED ANNE RICE COMPANION,"BEAHM,GEORGE-EDITOR",www.abebooks.com/servlet/BookDetailsPL?bi=66005492&cm_sp=collections-_-6vNHh0PZs5WZAyR4qMDAPp_item_1_24-_-bdp
Crusader's Torch,"Yarbro, Chelsea Quinn",www.abebooks.com/servlet/BookDetailsPL?bi=936313476&cm_sp=collections-_-6vNHh0PZs5WZAyR4qMDAPp_item_1_25-_-bdp
A Stroke of Midnight,"Hamilton, Laurell K.",www.abebooks.com/servlet/BookDetailsPL?bi=2339341812&cm_sp=collections-_-6vNHh0PZs5WZAyR4qMDAPp_item_1_26-_-bdp
Vittorio the Vampire: New Tales of the Vampires,"Rice, Anne",www.abebooks.com/servlet/BookDetailsPL?bi=12503313741&cm_sp=collections-_-6vNHh0PZs5WZAyR4qMDAPp_item_1_27-_-bdp
Dracula's Diary,"Geare, Michael & Corby, Michael",www.abebooks.com/servlet/BookDetailsPL?bi=40636955&cm_sp=collections-_-6vNHh0PZs5WZAyR4qMDAPp_item_1_28-_-bdp
The Vampire Diaries The Return: Midnight Vol. 3,"Smith, L. J.",www.abebooks.com/servlet/BookDetailsPL?bi=13369495036&cm_sp=collections-_-6vNHh0PZs5WZAyR4qMDAPp_item_1_29-_-bdp
The Quorum,"Newman, Kim",www.abebooks.com/servlet/BookDetailsPL?bi=3167928143&cm_sp=collections-_-6vNHh0PZs5WZAyR4qMDAPp_item_1_30-_-bdp
THE NIGHT MAYOR,"Newman, Kim",www.abebooks.com/servlet/BookDetailsPL?bi=6872989&cm_sp=collections-_-6vNHh0PZs5WZAyR4qMDAPp_item_1_31-_-bdp
The Book of Props: Mind's Eye Theatre,"Juran, Mark and Donato, Fran",www.abebooks.com/servlet/BookDetailsPL?bi=1360700691&cm_sp=collections-_-6vNHh0PZs5WZAyR4qMDAPp_item_1_32-_-bdp
A Flame in Byzantium,"Yarbro, Chelsea Quinn",www.abebooks.com/servlet/BookDetailsPL?bi=32355302017&cm_sp=collections-_-6vNHh0PZs5WZAyR4qMDAPp_item_1_33-_-bdp
The Vampire Book: The Encyclopedia of the Undead,"Melton,J. Gordon",www.abebooks.com/servlet/BookDetailsPL?bi=871892483&cm_sp=collections-_-6vNHh0PZs5WZAyR4qMDAPp_item_1_34-_-bdp
Vampyre : The Terrifying Lost Journal of Dr. Cornelius Van Helsing,"Van Helsing, Cornelius and De Wolff, Gustav",www.abebooks.com/servlet/BookDetailsPL?bi=1269789804&cm_sp=collections-_-6vNHh0PZs5WZAyR4qMDAPp_item_1_35-_-bdp
Dracula,"Stoker, Bram",www.abebooks.com/servlet/BookDetailsPL?bi=1360728808&cm_sp=collections-_-6vNHh0PZs5WZAyR4qMDAPp_item_1_36-_-bdp
Mansions of Darkness: A Novel of Saint-Germain,"Yarbro, Chelsea Quinn",www.abebooks.com/servlet/BookDetailsPL?bi=968643194&cm_sp=collections-_-6vNHh0PZs5WZAyR4qMDAPp_item_1_37-_-bdp
The Bloody Red Baron,"Newman, Kim",www.abebooks.com/servlet/BookDetailsPL?bi=9120967190&cm_sp=collections-_-6vNHh0PZs5WZAyR4qMDAPp_item_1_38-_-bdp
THE UNAUTHORIZED ANNE RICE COMPANION,"BEAHM,GEORGE-EDITOR",www.abebooks.com/servlet/BookDetailsPL?bi=20735002&cm_sp=collections-_-6vNHh0PZs5WZAyR4qMDAPp_item_1_39-_-bdp
PRINCE DRACULA: SON OF THE DEVIL,"MYLES, DOUGLAS",www.abebooks.com/servlet/BookDetailsPL?bi=799190&cm_sp=collections-_-6vNHh0PZs5WZAyR4qMDAPp_item_1_40-_-bdp
Batman: Bloodstorm,"Moench, Doug",www.abebooks.com/servlet/BookDetailsPL?bi=149210362&cm_sp=collections-_-6vNHh0PZs5WZAyR4qMDAPp_item_1_41-_-bdp
Dirty Secrets of the Blackhand: The Calm of Desperation,"Brown, Steven C.",www.abebooks.com/servlet/BookDetailsPL?bi=1360700685&cm_sp=collections-_-6vNHh0PZs5WZAyR4qMDAPp_item_1_42-_-bdp
Mansions of Darkness: A Novel of Saint-Germain,"Yarbro, Chelsea Quinn",www.abebooks.com/servlet/BookDetailsPL?bi=13996816815&cm_sp=collections-_-6vNHh0PZs5WZAyR4qMDAPp_item_1_43-_-bdp
Merrick,"Rice, Anne",www.abebooks.com/servlet/BookDetailsPL?bi=153364318&cm_sp=collections-_-6vNHh0PZs5WZAyR4qMDAPp_item_1_44-_-bdp
"A Candle for D'Artagnan: An Historical Horror Novel, Third in the Atta Olivia Clemens Series","Yarbro, Chelsea Quinn",www.abebooks.com/servlet/BookDetailsPL?bi=12407334434&cm_sp=collections-_-6vNHh0PZs5WZAyR4qMDAPp_item_1_45-_-bdp
THE WORLD ON BLOOD,"Nasaw,Jonathan",www.abebooks.com/servlet/BookDetailsPL?bi=2132400&cm_sp=collections-_-6vNHh0PZs5WZAyR4qMDAPp_item_1_46-_-bdp
VAMPIRE: THE COMPLETE GUIDE TO THE WORLD OF THE UNDEAD,"Dunn-Mascetti,Manuela",www.abebooks.com/servlet/BookDetailsPL?bi=65619536&cm_sp=collections-_-6vNHh0PZs5WZAyR4qMDAPp_item_1_47-_-bdp
Blood Thirst,"Rice, Anne et al. Edited By Leonard Wolf.",www.abebooks.com/servlet/BookDetailsPL?bi=12583287047&cm_sp=collections-_-6vNHh0PZs5WZAyR4qMDAPp_item_1_48-_-bdp
Drawing Blood,"Brite, Poppy Z.",www.abebooks.com/servlet/BookDetailsPL?bi=1525220323&cm_sp=collections-_-6vNHh0PZs5WZAyR4qMDAPp_item_1_49-_-bdp
COVENANT WITH THE VAMPIRE:THE DIARIES OF THE FAMILY DRACUL,"KALOGRIDIS,JEANNE",www.abebooks.com/servlet/BookDetailsPL?bi=20734970&cm_sp=collections-_-6vNHh0PZs5WZAyR4qMDAPp_item_1_50-_-bdp
Romancing the Vampire: From Past to Present Slipcased Edition,"Skal, David J.",www.abebooks.com/servlet/BookDetailsPL?bi=31807872256&cm_sp=collections-_-6vNHh0PZs5WZAyR4qMDAPp_item_1_51-_-bdp
The Marriage of Sticks,"Carroll, Jonathan",www.abebooks.com/servlet/BookDetailsPL?bi=8280045416&cm_sp=collections-_-6vNHh0PZs5WZAyR4qMDAPp_item_1_52-_-bdp
Tap Tap,"Martin, David",www.abebooks.com/servlet/BookDetailsPL?bi=149210304&cm_sp=collections-_-6vNHh0PZs5WZAyR4qMDAPp_item_1_53-_-bdp
"The Secret Life of Laszlo, Count Dracula","Anscombe, Roderick",www.abebooks.com/servlet/BookDetailsPL?bi=10194305227&cm_sp=collections-_-6vNHh0PZs5WZAyR4qMDAPp_item_1_54-_-bdp
Vampires,"Hurwood,Bernhardt J.",www.abebooks.com/servlet/BookDetailsPL?bi=1161142617&cm_sp=collections-_-6vNHh0PZs5WZAyR4qMDAPp_item_1_55-_-bdp
LUST FOR BLOOD,"Hoyt,Olga",www.abebooks.com/servlet/BookDetailsPL?bi=40600065&cm_sp=collections-_-6vNHh0PZs5WZAyR4qMDAPp_item_1_56-_-bdp
Vamps,"Lee,Elaine",www.abebooks.com/servlet/BookDetailsPL?bi=800737500&cm_sp=collections-_-6vNHh0PZs5WZAyR4qMDAPp_item_1_57-_-bdp
Vampire Haiku,"Mecum, Ryan",www.abebooks.com/servlet/BookDetailsPL?bi=10627115610&cm_sp=collections-_-6vNHh0PZs5WZAyR4qMDAPp_item_1_58-_-bdp
Tap Tap,"Martin, David",www.abebooks.com/servlet/BookDetailsPL?bi=740259391&cm_sp=collections-_-6vNHh0PZs5WZAyR4qMDAPp_item_1_59-_-bdp
"Our photos depict the exact book you will receive, never ""stock"" images of books we don't actuall...","Hall, Manly P.",www.abebooks.com/servlet/BookDetailsPL?bi=31947502025&cm_sp=collections-_-7GSuYQAeNwyOAr9O10764B_item_1_1-_-bdp
Nightmares: Poems to Trouble Your Sleep,"Prelutsky, Jack; Lobel, Arnold (Illustrator)",www.abebooks.com/servlet/BookDetailsPL?bi=31916781578&cm_sp=collections-_-7GSuYQAeNwyOAr9O10764B_item_1_2-_-bdp
Faerie Tale,"Feist, Raymond",www.abebooks.com/servlet/BookDetailsPL?bi=31721990545&cm_sp=collections-_-7GSuYQAeNwyOAr9O10764B_item_1_3-_-bdp
Breaking the Death Barrier,"Feeback, Alita V.; Lisa",www.abebooks.com/servlet/BookDetailsPL?bi=31798005275&cm_sp=collections-_-7GSuYQAeNwyOAr9O10764B_item_1_4-_-bdp
Little Witch,"Bennett, Anna Elizabeth; Stone, Helen (Illustrator)",www.abebooks.com/servlet/BookDetailsPL?bi=32319743691&cm_sp=collections-_-7GSuYQAeNwyOAr9O10764B_item_1_5-_-bdp
"I, Crowley: Almost the Beast's Last Will and Testament","Wilson, Snoo (Andrew James); Crowley, Alistair",www.abebooks.com/servlet/BookDetailsPL?bi=31528740952&cm_sp=collections-_-7GSuYQAeNwyOAr9O10764B_item_1_6-_-bdp
The Queen of the Damned,"Rice, Anne",www.abebooks.com/servlet/BookDetailsPL?bi=31582791927&cm_sp=collections-_-7GSuYQAeNwyOAr9O10764B_item_1_7-_-bdp
A Gathering of Evil (Paperback Library Gothic),"Ross, Marilyn",www.abebooks.com/servlet/BookDetailsPL?bi=31457229608&cm_sp=collections-_-7GSuYQAeNwyOAr9O10764B_item_1_8-_-bdp
The Necrophiles,"Gurney, David",www.abebooks.com/servlet/BookDetailsPL?bi=31799475150&cm_sp=collections-_-7GSuYQAeNwyOAr9O10764B_item_1_9-_-bdp
The Collected Ghost Stories of M. R. James,"James, M. R.",www.abebooks.com/servlet/BookDetailsPL?bi=32041718322&cm_sp=collections-_-7GSuYQAeNwyOAr9O10764B_item_1_10-_-bdp
Facing the Future: A New Theory of Political Representation,"Hall, Manly P.",www.abebooks.com/servlet/BookDetailsPL?bi=31932062804&cm_sp=collections-_-7GSuYQAeNwyOAr9O10764B_item_1_11-_-bdp
The Belief in Personal Immortality,"Haynes, E. S. P. (Edmund Sidney Pollock)",www.abebooks.com/servlet/BookDetailsPL?bi=32226377989&cm_sp=collections-_-7GSuYQAeNwyOAr9O10764B_item_1_12-_-bdp
Studies in Psychical Research,"Podmore, Frank",www.abebooks.com/servlet/BookDetailsPL?bi=32169543429&cm_sp=collections-_-7GSuYQAeNwyOAr9O10764B_item_1_13-_-bdp
Which Was Witch?,"Jewett, Eleanore M.; Yashima, Taro (Illustrator)",www.abebooks.com/servlet/BookDetailsPL?bi=32325240730&cm_sp=collections-_-7GSuYQAeNwyOAr9O10764B_item_1_14-_-bdp
"Witches, Ghosts, and Goblins: A Spooky Search for Miranda's Cat","Long, Ruthanna; Durand, Paul (Illustrator)",www.abebooks.com/servlet/BookDetailsPL?bi=31946143717&cm_sp=collections-_-7GSuYQAeNwyOAr9O10764B_item_1_15-_-bdp
Witchcraft in Old and New England,"Kittredge, George Lyman",www.abebooks.com/servlet/BookDetailsPL?bi=32368613010&cm_sp=collections-_-7GSuYQAeNwyOAr9O10764B_item_1_16-_-bdp
Little Witch,"Bennett, Anna Elizabeth; Weil, Lisl (Illustrator)",www.abebooks.com/servlet/BookDetailsPL?bi=32229869029&cm_sp=collections-_-7GSuYQAeNwyOAr9O10764B_item_1_17-_-bdp
Invisible Inzi of Oz,"Wauchope, Virginia; Wauchope, Robert; Shanower, Eric (Ill...",www.abebooks.com/servlet/BookDetailsPL?bi=32261377638&cm_sp=collections-_-7GSuYQAeNwyOAr9O10764B_item_1_18-_-bdp
Mystery of the Witches' Bridge,"Carleton, Barbee Oliver",www.abebooks.com/servlet/BookDetailsPL?bi=30870798962&cm_sp=collections-_-7GSuYQAeNwyOAr9O10764B_item_1_19-_-bdp
Ghost Hunter,"Holzer, Hans",www.abebooks.com/servlet/BookDetailsPL?bi=32260863311&cm_sp=collections-_-7GSuYQAeNwyOAr9O10764B_item_1_20-_-bdp
Dracula: The Definitive Edition,"Stoker, Bram; Gorey, Edward (Illustrator); Kaye, Marvin (...",www.abebooks.com/servlet/BookDetailsPL?bi=31241658290&cm_sp=collections-_-7GSuYQAeNwyOAr9O10764B_item_1_21-_-bdp
The Romance of Sorcery,"Rohmer, Sax",www.abebooks.com/servlet/BookDetailsPL?bi=32219693824&cm_sp=collections-_-7GSuYQAeNwyOAr9O10764B_item_1_22-_-bdp
"Dracula Lives! (Vol. 1, No. 1)","Lee, Stan; Vallejo, Boris (Cover Art)",www.abebooks.com/servlet/BookDetailsPL?bi=32317328064&cm_sp=collections-_-7GSuYQAeNwyOAr9O10764B_item_1_23-_-bdp
Between Two Worlds,"Fodor, Nandor",www.abebooks.com/servlet/BookDetailsPL?bi=31903297134&cm_sp=collections-_-7GSuYQAeNwyOAr9O10764B_item_1_24-_-bdp
The Witches of Worm,"Snyder, Zilpha Keatley",www.abebooks.com/servlet/BookDetailsPL?bi=31067176054&cm_sp=collections-_-7GSuYQAeNwyOAr9O10764B_item_1_25-_-bdp
Ghosts of the Golden West,"Holzer, Hans",www.abebooks.com/servlet/BookDetailsPL?bi=32260860372&cm_sp=collections-_-7GSuYQAeNwyOAr9O10764B_item_1_26-_-bdp
Season of the Witch,"Ralphs, Matt; Tamarit, Nuria (Illustrator)",www.abebooks.com/servlet/BookDetailsPL?bi=32271797945&cm_sp=collections-_-7GSuYQAeNwyOAr9O10764B_item_1_27-_-bdp
Spirit Mediumship and Society in Africa,"Beattie, John (Editor); Middleton, John (Editor); Firth, ...",www.abebooks.com/servlet/BookDetailsPL?bi=32169537731&cm_sp=collections-_-7GSuYQAeNwyOAr9O10764B_item_1_28-_-bdp
Farewell Miss Julie Logan: A Wintry Tale,"Barrie, J. M.",www.abebooks.com/servlet/BookDetailsPL?bi=31613623535&cm_sp=collections-_-7GSuYQAeNwyOAr9O10764B_item_1_29-_-bdp
Memory of Evil (Paperback Library Gothic),"Ross, Marilyn",www.abebooks.com/servlet/BookDetailsPL?bi=31457231381&cm_sp=collections-_-7GSuYQAeNwyOAr9O10764B_item_1_30-_-bdp
Dracula: The Vampire Play,"Stoker, Bram; Deane, Hamilton; Balderston, John L.; Richa...",www.abebooks.com/servlet/BookDetailsPL?bi=32236083216&cm_sp=collections-_-7GSuYQAeNwyOAr9O10764B_item_1_31-_-bdp
By the Light of the Halloween Moon,"Stutson, Caroline; Hawkes, Kevin (Illustrator)",www.abebooks.com/servlet/BookDetailsPL?bi=32320564485&cm_sp=collections-_-7GSuYQAeNwyOAr9O10764B_item_1_32-_-bdp
The Book of Dreams and Ghosts,"Lang, Andrew; Reginald, Robert (Editor)",www.abebooks.com/servlet/BookDetailsPL?bi=31402315190&cm_sp=collections-_-7GSuYQAeNwyOAr9O10764B_item_1_33-_-bdp
Never on a Broomstick,"Donovan, Frank",www.abebooks.com/servlet/BookDetailsPL?bi=32410555843&cm_sp=collections-_-7GSuYQAeNwyOAr9O10764B_item_1_34-_-bdp
The Devil I Know: My Haunting Journey with Ronnie DeFeo and the True Story of the Amityville Murders,"Barrett, Jackie",www.abebooks.com/servlet/BookDetailsPL?bi=32410551981&cm_sp=collections-_-7GSuYQAeNwyOAr9O10764B_item_1_35-_-bdp
Witchcraft in the Middle Ages,"Russell, Jeffrey Burton",www.abebooks.com/servlet/BookDetailsPL?bi=32333894912&cm_sp=collections-_-7GSuYQAeNwyOAr9O10764B_item_1_36-_-bdp
Ghosts and Hauntings,"Bardens, Dennis",www.abebooks.com/servlet/BookDetailsPL?bi=32409197941&cm_sp=collections-_-7GSuYQAeNwyOAr9O10764B_item_1_37-_-bdp
The Devil in the City of Angels: My Encounters with the Diabolical,"Romero, Jesse",www.abebooks.com/servlet/BookDetailsPL?bi=31277558720&cm_sp=collections-_-7GSuYQAeNwyOAr9O10764B_item_1_38-_-bdp
Bugs that Go Bump in the Night (A Bugs in a Box Book),"Carter, David A.",www.abebooks.com/servlet/BookDetailsPL?bi=32284382836&cm_sp=collections-_-7GSuYQAeNwyOAr9O10764B_item_1_39-_-bdp
Emir's Education in the Proper Use of Magical Powers,"Roberts, Jane; Cherry, Lynne (Illustrator)",www.abebooks.com/servlet/BookDetailsPL?bi=31897765628&cm_sp=collections-_-7GSuYQAeNwyOAr9O10764B_item_1_40-_-bdp
"Witchcraft, Magic, and Religion in 17th-Century Massachusetts","Weisman, Richard",www.abebooks.com/servlet/BookDetailsPL?bi=31901387883&cm_sp=collections-_-7GSuYQAeNwyOAr9O10764B_item_1_41-_-bdp
Mabon: Celebrating the Autumn Equinox,"Madden, Kristin",www.abebooks.com/servlet/BookDetailsPL?bi=31358203944&cm_sp=collections-_-7GSuYQAeNwyOAr9O10764B_item_1_42-_-bdp
The Haunted Ghost,"Byfield, Barbara Ninde",www.abebooks.com/servlet/BookDetailsPL?bi=32009836314&cm_sp=collections-_-7GSuYQAeNwyOAr9O10764B_item_1_43-_-bdp
Sybil Leek's Book of the Curious and the Occult,"Leek, Sybil",www.abebooks.com/servlet/BookDetailsPL?bi=32217333021&cm_sp=collections-_-7GSuYQAeNwyOAr9O10764B_item_1_44-_-bdp
The Dark Way: Stories from the Spirit World,"Hamilton, Virginia; Davis, Lambert (Illustrator)",www.abebooks.com/servlet/BookDetailsPL?bi=30984820168&cm_sp=collections-_-7GSuYQAeNwyOAr9O10764B_item_1_45-_-bdp
Game for Demons,"Shecter, Ben",www.abebooks.com/servlet/BookDetailsPL?bi=30999419255&cm_sp=collections-_-7GSuYQAeNwyOAr9O10764B_item_1_46-_-bdp
Voices from the Earth: Practical Shamanism,"Wood, Nicholas",www.abebooks.com/servlet/BookDetailsPL?bi=31295131367&cm_sp=collections-_-7GSuYQAeNwyOAr9O10764B_item_1_47-_-bdp
"Poltergeists: An Annotated Bibliography of Works in English, circa 1880-1975","Goss, Michael (Editor)",www.abebooks.com/servlet/BookDetailsPL?bi=30890257967&cm_sp=collections-_-7GSuYQAeNwyOAr9O10764B_item_1_48-_-bdp
The Amityville Horror,"Anson, Jay",www.abebooks.com/servlet/BookDetailsPL?bi=32344052764&cm_sp=collections-_-7GSuYQAeNwyOAr9O10764B_item_1_49-_-bdp
The Aleister Crowley Scrapbook,"Robertson, Sandy",www.abebooks.com/servlet/BookDetailsPL?bi=22526421188&cm_sp=collections-_-7GSuYQAeNwyOAr9O10764B_item_1_50-_-bdp
"Witches, Midwives, and Nurses: A History of Women Healers","Ehrenreich, Barbara; English, Deirdre",www.abebooks.com/servlet/BookDetailsPL?bi=31941197932&cm_sp=collections-_-7GSuYQAeNwyOAr9O10764B_item_1_51-_-bdp
The Triumph of the Moon: A History of Modern Pagan Witchcraft,"Hutton, Ronald",www.abebooks.com/servlet/BookDetailsPL?bi=32217342330&cm_sp=collections-_-7GSuYQAeNwyOAr9O10764B_item_1_52-_-bdp
To Ride a Silver Broomstick: New Generation Witchcraftt,"RavenWolf, Silver",www.abebooks.com/servlet/BookDetailsPL?bi=31214759206&cm_sp=collections-_-7GSuYQAeNwyOAr9O10764B_item_1_53-_-bdp
The Fire from Within,"Castaneda, Carlos",www.abebooks.com/servlet/BookDetailsPL?bi=31412514741&cm_sp=collections-_-7GSuYQAeNwyOAr9O10764B_item_1_54-_-bdp
The Amityville Horror,"Anson, Jay",www.abebooks.com/servlet/BookDetailsPL?bi=31119010765&cm_sp=collections-_-7GSuYQAeNwyOAr9O10764B_item_1_55-_-bdp
Dracula Was a Woman: In Search of the Blood Countess of Transylvania,"McNally, Raymond T.",www.abebooks.com/servlet/BookDetailsPL?bi=30912703890&cm_sp=collections-_-7GSuYQAeNwyOAr9O10764B_item_1_56-_-bdp
The Sentence,"Erdrich, Louise",www.abebooks.com/servlet/BookDetailsPL?bi=32341864227&cm_sp=collections-_-7GSuYQAeNwyOAr9O10764B_item_1_57-_-bdp
"Green Witchcraft: A Practical Guide to Discovering the Magic of Plants, Herbs, Crystals, and Beyo...","Vanderbeck, Paige",www.abebooks.com/servlet/BookDetailsPL?bi=31941194936&cm_sp=collections-_-7GSuYQAeNwyOAr9O10764B_item_1_58-_-bdp
The Amityville Horror,"Anson, Jay",www.abebooks.com/servlet/BookDetailsPL?bi=31460111538&cm_sp=collections-_-7GSuYQAeNwyOAr9O10764B_item_1_59-_-bdp
The Haunted Wherry and Other Rare Ghost Stories,"Salmonson, Jessica Amanda (Editor); Morris, Harry O., Jr....",www.abebooks.com/servlet/BookDetailsPL?bi=32068119422&cm_sp=collections-_-7GSuYQAeNwyOAr9O10764B_item_1_60-_-bdp
American Vampire 5,"Snyder, Scott",www.abebooks.com/servlet/BookDetailsPL?bi=32228471306&cm_sp=collections-_-5dMez8NHv5juFYWrykcfgX_item_1_1-_-bdp
Anno-Dracula,"Newman, Kim",www.abebooks.com/servlet/BookDetailsPL?bi=32215842509&cm_sp=collections-_-5dMez8NHv5juFYWrykcfgX_item_1_2-_-bdp
My Scrapbook: Memories of Dark Shadows,"Scott, Kathryn Leigh",www.abebooks.com/servlet/BookDetailsPL?bi=32214654728&cm_sp=collections-_-5dMez8NHv5juFYWrykcfgX_item_1_3-_-bdp
"Dracula: The Ultimate, Illustrated Edition of the World-Famous Vampire Play","Deane, Hamilton; Balderston, John L.; Skal, David J.",www.abebooks.com/servlet/BookDetailsPL?bi=32214533082&cm_sp=collections-_-5dMez8NHv5juFYWrykcfgX_item_1_4-_-bdp
The Dark Shadows Companion: 25th Anniversary Collection,,www.abebooks.com/servlet/BookDetailsPL?bi=32260957962&cm_sp=collections-_-5dMez8NHv5juFYWrykcfgX_item_1_5-_-bdp
The Vampire's Apprentice,"Byers, Richard Lee",www.abebooks.com/servlet/BookDetailsPL?bi=32212225051&cm_sp=collections-_-5dMez8NHv5juFYWrykcfgX_item_1_6-_-bdp
The Vampire Joke Book,"Vania, Count Trans L.",www.abebooks.com/servlet/BookDetailsPL?bi=32214716844&cm_sp=collections-_-5dMez8NHv5juFYWrykcfgX_item_1_7-_-bdp
Vampyr,Jan Jennings,www.abebooks.com/servlet/BookDetailsPL?bi=32212221680&cm_sp=collections-_-5dMez8NHv5juFYWrykcfgX_item_1_8-_-bdp
"The Vampires and the Witch (The Story of the Phantom, 12)",Lee Falk,www.abebooks.com/servlet/BookDetailsPL?bi=32212212888&cm_sp=collections-_-5dMez8NHv5juFYWrykcfgX_item_1_9-_-bdp
The Vampire Tapes,Arabella Randolphe,www.abebooks.com/servlet/BookDetailsPL?bi=32212211009&cm_sp=collections-_-5dMez8NHv5juFYWrykcfgX_item_1_10-_-bdp
Vampire Child,Ruby Jean Jensen,www.abebooks.com/servlet/BookDetailsPL?bi=32212207943&cm_sp=collections-_-5dMez8NHv5juFYWrykcfgX_item_1_11-_-bdp
Interview with the Vampire,"Rice, Anne",www.abebooks.com/servlet/BookDetailsPL?bi=32372071275&cm_sp=collections-_-5O18CCJe995ID5kbzuswta_item_1_1-_-bdp
Interview With the Vampire (Inscribed By Anne),"Rice, Anne",www.abebooks.com/servlet/BookDetailsPL?bi=30959335032&cm_sp=collections-_-5O18CCJe995ID5kbzuswta_item_1_2-_-bdp
The Tale of the Body Thief (Vampire Chronicles)(Inscribed),"Rice, Anne",www.abebooks.com/servlet/BookDetailsPL?bi=31102009872&cm_sp=collections-_-5O18CCJe995ID5kbzuswta_item_1_3-_-bdp
"Memnoch, The Devil. The Vampire Chronicles (Inscribed)","Rice, Anne",www.abebooks.com/servlet/BookDetailsPL?bi=31102014113&cm_sp=collections-_-5O18CCJe995ID5kbzuswta_item_1_4-_-bdp
Vittorio the Vampire: New Tales of the Vampires (SIGNED),"Rice, Anne",www.abebooks.com/servlet/BookDetailsPL?bi=31078707999&cm_sp=collections-_-5O18CCJe995ID5kbzuswta_item_1_5-_-bdp
The Vampire Within: New Blood (SIGNED),"Silver, Drew",www.abebooks.com/servlet/BookDetailsPL?bi=30894713529&cm_sp=collections-_-5O18CCJe995ID5kbzuswta_item_1_6-_-bdp
Salem's Lot,"King, Stephen",www.abebooks.com/servlet/BookDetailsPL?bi=31381843157&cm_sp=collections-_-5O18CCJe995ID5kbzuswta_item_1_7-_-bdp
The Vampire Lectures,"Rickels, Laurence A.",www.abebooks.com/servlet/BookDetailsPL?bi=31823999118&cm_sp=collections-_-5O18CCJe995ID5kbzuswta_item_1_8-_-bdp
Theorizing Twilight: Critical Essays on What's at Stake in a Post-Vampire World,"Parke, Maggie; Wilson, Natalie",www.abebooks.com/servlet/BookDetailsPL?bi=31250590278&cm_sp=collections-_-5O18CCJe995ID5kbzuswta_item_1_9-_-bdp
The Living Dead: A Study of the Vampire in Romantic Literature,"Twitchell, James B.",www.abebooks.com/servlet/BookDetailsPL?bi=30625532192&cm_sp=collections-_-5O18CCJe995ID5kbzuswta_item_1_10-_-bdp
Seduced by Twilight: The Allure and Contradictory Messages of the Popular Saga,"Wilson, Natalie",www.abebooks.com/servlet/BookDetailsPL?bi=31250587432&cm_sp=collections-_-5O18CCJe995ID5kbzuswta_item_1_11-_-bdp
From Demons to Dracula: The Creation of the Modern Vampire Myth,"Beresford, Matthew",www.abebooks.com/servlet/BookDetailsPL?bi=32375656364&cm_sp=collections-_-5O18CCJe995ID5kbzuswta_item_1_12-_-bdp
Counterfeit Magic,"Armstrong, Kelley",www.abebooks.com/servlet/BookDetailsPL?bi=18096226778&cm_sp=collections-_-6fUGxb5zcGSrH7WIkoAFoO_item_1_1-_-bdp
TASTE,"Warburton, Dustin",www.abebooks.com/servlet/BookDetailsPL?bi=829505621&cm_sp=collections-_-6fUGxb5zcGSrH7WIkoAFoO_item_1_2-_-bdp
Ahead of Myself: Confessions of a Professional Psychic,"Robbins, Shawn;Pierce, Milton",www.abebooks.com/servlet/BookDetailsPL?bi=1784562621&cm_sp=collections-_-6fUGxb5zcGSrH7WIkoAFoO_item_1_3-_-bdp
Domestic Compact Auto Repair Manual,,www.abebooks.com/servlet/BookDetailsPL?bi=1169376451&cm_sp=collections-_-6fUGxb5zcGSrH7WIkoAFoO_item_1_4-_-bdp
Star Mates for Virgo,Celeste Longacre,www.abebooks.com/servlet/BookDetailsPL?bi=22033862291&cm_sp=collections-_-6fUGxb5zcGSrH7WIkoAFoO_item_1_5-_-bdp
Lovespells: An Authentic Collection of Victorian Spells,"Nahmad, Claire",www.abebooks.com/servlet/BookDetailsPL?bi=1377904609&cm_sp=collections-_-6fUGxb5zcGSrH7WIkoAFoO_item_1_6-_-bdp
Higher Superstition: The Academic Left and Its Quarrels With Science,"Gross, Paul R.;Levitt, Norman;Levitt, N.",www.abebooks.com/servlet/BookDetailsPL?bi=3322807227&cm_sp=collections-_-6fUGxb5zcGSrH7WIkoAFoO_item_1_7-_-bdp
Dreaming True: How to Dream Your Future and Change Your Life for the Better,Robert Moss,www.abebooks.com/servlet/BookDetailsPL?bi=19843661736&cm_sp=collections-_-6fUGxb5zcGSrH7WIkoAFoO_item_1_8-_-bdp
Beyond Supernature: A New Natural History of the Supernatural,"Watson, Lyall",www.abebooks.com/servlet/BookDetailsPL?bi=1276412829&cm_sp=collections-_-6fUGxb5zcGSrH7WIkoAFoO_item_1_9-_-bdp
Eastern Mysteries (mysteries of the unknown),Time-Life Books.,www.abebooks.com/servlet/BookDetailsPL?bi=1774269646&cm_sp=collections-_-6fUGxb5zcGSrH7WIkoAFoO_item_1_10-_-bdp
Magical Arts (mysteries of the unknown),Time-Life Books,www.abebooks.com/servlet/BookDetailsPL?bi=1774269648&cm_sp=collections-_-6fUGxb5zcGSrH7WIkoAFoO_item_1_11-_-bdp
The Dreamer,Cynthia Rylant,www.abebooks.com/servlet/BookDetailsPL?bi=22904150187&cm_sp=collections-_-6fUGxb5zcGSrH7WIkoAFoO_item_1_12-_-bdp
Freaks: Myths and Images of the Secret Self,"Fiedler, Leslie",www.abebooks.com/servlet/BookDetailsPL?bi=2033162863&cm_sp=collections-_-6fUGxb5zcGSrH7WIkoAFoO_item_1_13-_-bdp
MINDS WITHOUT BOUNDARIES,"HOLROYD, STUART",www.abebooks.com/servlet/BookDetailsPL?bi=596512240&cm_sp=collections-_-6fUGxb5zcGSrH7WIkoAFoO_item_1_14-_-bdp
Don't Kiss Them Good-Bye,"DuBois, Allison",www.abebooks.com/servlet/BookDetailsPL?bi=2950790273&cm_sp=collections-_-6fUGxb5zcGSrH7WIkoAFoO_item_1_15-_-bdp
The World Dream Book: Use the Wisdom of World Cultures to Uncover Your Dream Power,"Bluestone, Sarvananda",www.abebooks.com/servlet/BookDetailsPL?bi=10824581583&cm_sp=collections-_-6fUGxb5zcGSrH7WIkoAFoO_item_1_16-_-bdp
The Medium Next Door: Adventures of a Real-Life Ghost Whisperer,"Hancock MA, Maureen",www.abebooks.com/servlet/BookDetailsPL?bi=30527125941&cm_sp=collections-_-6fUGxb5zcGSrH7WIkoAFoO_item_1_17-_-bdp
The Astrology of Midlife and Aging,"Sullivan, Erin",www.abebooks.com/servlet/BookDetailsPL?bi=1284488573&cm_sp=collections-_-6fUGxb5zcGSrH7WIkoAFoO_item_1_18-_-bdp
The Dictionary of Dreams and Their Meanings,"Craze, Richard",www.abebooks.com/servlet/BookDetailsPL?bi=1372157805&cm_sp=collections-_-6fUGxb5zcGSrH7WIkoAFoO_item_1_19-_-bdp
Ken Wilber in Dialogue : Conversations with Leading Transpersonal Thinkers,"Rothberg, Donald J.",www.abebooks.com/servlet/BookDetailsPL?bi=1296497257&cm_sp=collections-_-6fUGxb5zcGSrH7WIkoAFoO_item_1_20-_-bdp
Palmistry,"Barrett, David V.",www.abebooks.com/servlet/BookDetailsPL?bi=5871644792&cm_sp=collections-_-6fUGxb5zcGSrH7WIkoAFoO_item_1_21-_-bdp
The Power of Creative Dreaming,"Ball, Pamela",www.abebooks.com/servlet/BookDetailsPL?bi=22745114064&cm_sp=collections-_-6fUGxb5zcGSrH7WIkoAFoO_item_1_22-_-bdp
Final Beginnings: The Tunnel,"Edward, John;Stoynoff, Natasha",www.abebooks.com/servlet/BookDetailsPL?bi=8690571401&cm_sp=collections-_-6fUGxb5zcGSrH7WIkoAFoO_item_1_23-_-bdp
Astrology and Consciousness: The Wheel of Light,"Olesky, Rio",www.abebooks.com/servlet/BookDetailsPL?bi=5100530988&cm_sp=collections-_-6fUGxb5zcGSrH7WIkoAFoO_item_1_24-_-bdp
Dreams & Omens Revealed,"Gettings, Fred",www.abebooks.com/servlet/BookDetailsPL?bi=2122794443&cm_sp=collections-_-6fUGxb5zcGSrH7WIkoAFoO_item_1_25-_-bdp
Gods and Goddesses: A Treasury of Deities and Tales from World Mythology,"Hallam, Elizabeth (editor)",www.abebooks.com/servlet/BookDetailsPL?bi=1374924631&cm_sp=collections-_-6fUGxb5zcGSrH7WIkoAFoO_item_1_26-_-bdp
Love Signs,Celeste Longacre,www.abebooks.com/servlet/BookDetailsPL?bi=22539493130&cm_sp=collections-_-6fUGxb5zcGSrH7WIkoAFoO_item_1_27-_-bdp
Cosmic Mysteries of the Universe,"Clark, Adrian V.",www.abebooks.com/servlet/BookDetailsPL?bi=4055635064&cm_sp=collections-_-6fUGxb5zcGSrH7WIkoAFoO_item_1_28-_-bdp
SIGNS OF THINGS TO COME,"HALL, ANGUS",www.abebooks.com/servlet/BookDetailsPL?bi=596512255&cm_sp=collections-_-6fUGxb5zcGSrH7WIkoAFoO_item_1_29-_-bdp
Time: A Traveler's Guide,"Pickover, Clifford A.",www.abebooks.com/servlet/BookDetailsPL?bi=1171730468&cm_sp=collections-_-6fUGxb5zcGSrH7WIkoAFoO_item_1_30-_-bdp
Dreaming: An Illustrated Guide to Remembering and Interpreting Your Dreams,"Parker, Derek;Parker, Julia",www.abebooks.com/servlet/BookDetailsPL?bi=1220352586&cm_sp=collections-_-6fUGxb5zcGSrH7WIkoAFoO_item_1_31-_-bdp
Your Psychic Powers and How to Develop Them (A Newcastle self-enrichment book),Carrington,www.abebooks.com/servlet/BookDetailsPL?bi=30203097138&cm_sp=collections-_-6fUGxb5zcGSrH7WIkoAFoO_item_1_32-_-bdp
The Vampyricon the Queen of Wolves,"Clegg, Douglas",www.abebooks.com/servlet/BookDetailsPL?bi=5844273943&cm_sp=collections-_-6fUGxb5zcGSrH7WIkoAFoO_item_1_33-_-bdp
The Dark Possibilities,"O'Brien, Chad",www.abebooks.com/servlet/BookDetailsPL?bi=22290574633&cm_sp=collections-_-6fUGxb5zcGSrH7WIkoAFoO_item_1_34-_-bdp
Utopian Visions (mysteries of the unknown),Time-Life Books,www.abebooks.com/servlet/BookDetailsPL?bi=1774269645&cm_sp=collections-_-6fUGxb5zcGSrH7WIkoAFoO_item_1_35-_-bdp
The Compendium of Vampyres & Other Perilous Creatures,"Knight, Mary Jane",www.abebooks.com/servlet/BookDetailsPL?bi=22780137155&cm_sp=collections-_-6fUGxb5zcGSrH7WIkoAFoO_item_1_36-_-bdp
Dreaming in Color,"Allen, Charlotte Vale",www.abebooks.com/servlet/BookDetailsPL?bi=6000100362&cm_sp=collections-_-6fUGxb5zcGSrH7WIkoAFoO_item_1_37-_-bdp
"Psychic Secrets: Your Guide to Dreams, Hunches, and Spirit Contact","Mullen, Joseph B.",www.abebooks.com/servlet/BookDetailsPL?bi=1284982419&cm_sp=collections-_-6fUGxb5zcGSrH7WIkoAFoO_item_1_38-_-bdp
Psychic Sleuths,Joe Nickell,www.abebooks.com/servlet/BookDetailsPL?bi=20182886152&cm_sp=collections-_-6fUGxb5zcGSrH7WIkoAFoO_item_1_39-_-bdp
Dreams of vengeance (Lady Winston series),"OakGrove, Artemis",www.abebooks.com/servlet/BookDetailsPL?bi=14999452399&cm_sp=collections-_-6fUGxb5zcGSrH7WIkoAFoO_item_1_40-_-bdp
Witches on the Road Tonight,"Holman, Sheri",www.abebooks.com/servlet/BookDetailsPL?bi=22916819531&cm_sp=collections-_-6fUGxb5zcGSrH7WIkoAFoO_item_1_41-_-bdp
Encounters: With the Strange and Unexplained,"Hoyle, Matt",www.abebooks.com/servlet/BookDetailsPL?bi=8690571412&cm_sp=collections-_-6fUGxb5zcGSrH7WIkoAFoO_item_1_42-_-bdp
Guinevere: The True Story of One Woman's Quest for Her Past Life Identity and the Healing of Her ...,"Phelan, Laurel",www.abebooks.com/servlet/BookDetailsPL?bi=6348878475&cm_sp=collections-_-6fUGxb5zcGSrH7WIkoAFoO_item_1_43-_-bdp
Arthurian Myth and Legend: An A-Z of People and Places,Mike Dixon-Kennedy,www.abebooks.com/servlet/BookDetailsPL?bi=22692586682&cm_sp=collections-_-6fUGxb5zcGSrH7WIkoAFoO_item_1_44-_-bdp
Great Irish Stories of the Supernatural,"Haining, Peter (editor)",www.abebooks.com/servlet/BookDetailsPL?bi=1902041680&cm_sp=collections-_-6fUGxb5zcGSrH7WIkoAFoO_item_1_45-_-bdp
"Deciphering the Past, from Tombs, Graves and Mummies","Allan, Tony",www.abebooks.com/servlet/BookDetailsPL?bi=1424738946&cm_sp=collections-_-6fUGxb5zcGSrH7WIkoAFoO_item_1_46-_-bdp
The Beginner's Book of Dreams,"Benedict, Elizabeth",www.abebooks.com/servlet/BookDetailsPL?bi=9385613945&cm_sp=collections-_-6fUGxb5zcGSrH7WIkoAFoO_item_1_47-_-bdp
Psychic Healing,"Browne, Sylvia",www.abebooks.com/servlet/BookDetailsPL?bi=22707733288&cm_sp=collections-_-6fUGxb5zcGSrH7WIkoAFoO_item_1_48-_-bdp
City of Nightmares: (Autorensignatur),Schaeffer Rebecca Schaeffer,www.abebooks.com/servlet/BookDetailsPL?bi=32186446570&cm_sp=collections-_-3C9kA5NL78kooPQ4zBGVyl_item_1_1-_-bdp
Empire of the Vampire,Jay Kristoff,www.abebooks.com/servlet/BookDetailsPL?bi=32374609765&cm_sp=collections-_-3C9kA5NL78kooPQ4zBGVyl_item_1_2-_-bdp
The Short Second Life of Bree Tanner: An Eclipse Novella,Stephenie Meyer,www.abebooks.com/servlet/BookDetailsPL?bi=32081477922&cm_sp=collections-_-3C9kA5NL78kooPQ4zBGVyl_item_1_3-_-bdp
The Short Second Life of Bree Tanner: An Eclipse Novella,Stephenie Meyer,www.abebooks.com/servlet/BookDetailsPL?bi=32231547906&cm_sp=collections-_-3C9kA5NL78kooPQ4zBGVyl_item_1_4-_-bdp
Dead until dark,Charlaine Harris,www.abebooks.com/servlet/BookDetailsPL?bi=31933409942&cm_sp=collections-_-3C9kA5NL78kooPQ4zBGVyl_item_1_5-_-bdp
Let the Right One in,John Ajvide Lindqvist,www.abebooks.com/servlet/BookDetailsPL?bi=32383128355&cm_sp=collections-_-3C9kA5NL78kooPQ4zBGVyl_item_1_6-_-bdp
City of Bones,Cassandra Clare,www.abebooks.com/servlet/BookDetailsPL?bi=31989634640&cm_sp=collections-_-3C9kA5NL78kooPQ4zBGVyl_item_1_7-_-bdp
Silence Fallen,Patricia Briggs,www.abebooks.com/servlet/BookDetailsPL?bi=32395945302&cm_sp=collections-_-3C9kA5NL78kooPQ4zBGVyl_item_1_8-_-bdp
Vampire Academy,Richelle Mead,www.abebooks.com/servlet/BookDetailsPL?bi=32080462132&cm_sp=collections-_-3C9kA5NL78kooPQ4zBGVyl_item_1_9-_-bdp
Vampire Academy,Richelle Mead,www.abebooks.com/servlet/BookDetailsPL?bi=32004668716&cm_sp=collections-_-3C9kA5NL78kooPQ4zBGVyl_item_1_10-_-bdp
Fire Touched,Patricia Briggs,www.abebooks.com/servlet/BookDetailsPL?bi=32395941707&cm_sp=collections-_-3C9kA5NL78kooPQ4zBGVyl_item_1_11-_-bdp
City of Bones,Cassandra Clare,www.abebooks.com/servlet/BookDetailsPL?bi=32410397619&cm_sp=collections-_-3C9kA5NL78kooPQ4zBGVyl_item_1_12-_-bdp
Isadora Moon Goes Camping,Harriet Muncaster,www.abebooks.com/servlet/BookDetailsPL?bi=32390167782&cm_sp=collections-_-3C9kA5NL78kooPQ4zBGVyl_item_1_13-_-bdp
The Short Second Life of Bree Tanner,Stephenie Meyer,www.abebooks.com/servlet/BookDetailsPL?bi=32159460346&cm_sp=collections-_-3C9kA5NL78kooPQ4zBGVyl_item_1_14-_-bdp
Dragon's Oath,Phyllis Christine Cast,www.abebooks.com/servlet/BookDetailsPL?bi=32393973388&cm_sp=collections-_-3C9kA5NL78kooPQ4zBGVyl_item_1_15-_-bdp
Dead and Gone,Charlaine Harris,www.abebooks.com/servlet/BookDetailsPL?bi=32029305100&cm_sp=collections-_-3C9kA5NL78kooPQ4zBGVyl_item_1_16-_-bdp
The Short Second Life of Bree Tanner,Stephenie Meyer,www.abebooks.com/servlet/BookDetailsPL?bi=32044681361&cm_sp=collections-_-3C9kA5NL78kooPQ4zBGVyl_item_1_17-_-bdp
Hounded,Kevin Hearne,www.abebooks.com/servlet/BookDetailsPL?bi=32387495519&cm_sp=collections-_-3C9kA5NL78kooPQ4zBGVyl_item_1_18-_-bdp
Betrayed,Phyllis Christine Cast,www.abebooks.com/servlet/BookDetailsPL?bi=32138950458&cm_sp=collections-_-3C9kA5NL78kooPQ4zBGVyl_item_1_19-_-bdp
The Radleys,Matt Haig,www.abebooks.com/servlet/BookDetailsPL?bi=32390174931&cm_sp=collections-_-3C9kA5NL78kooPQ4zBGVyl_item_1_20-_-bdp
The historian: A novel,Elizabeth Kostova,www.abebooks.com/servlet/BookDetailsPL?bi=32378643763&cm_sp=collections-_-3C9kA5NL78kooPQ4zBGVyl_item_1_21-_-bdp
The historian: A novel,Elizabeth Kostova,www.abebooks.com/servlet/BookDetailsPL?bi=32379056326&cm_sp=collections-_-3C9kA5NL78kooPQ4zBGVyl_item_1_22-_-bdp
Every which way but dead,Kim Harrison,www.abebooks.com/servlet/BookDetailsPL?bi=31933673265&cm_sp=collections-_-3C9kA5NL78kooPQ4zBGVyl_item_1_23-_-bdp
"Trinity Blood: Reborn on the Mars, Volume 3",Sunao Yoshida,www.abebooks.com/servlet/BookDetailsPL?bi=32380898410&cm_sp=collections-_-3C9kA5NL78kooPQ4zBGVyl_item_1_24-_-bdp
"Dead Reckoning. Vampir mit Vergangenheit, englische Ausgabe",Charlaine Harris,www.abebooks.com/servlet/BookDetailsPL?bi=32363945968&cm_sp=collections-_-3C9kA5NL78kooPQ4zBGVyl_item_1_25-_-bdp
Death Masks,Jim Butcher,www.abebooks.com/servlet/BookDetailsPL?bi=32373500869&cm_sp=collections-_-3C9kA5NL78kooPQ4zBGVyl_item_1_26-_-bdp
Vampire Diaries. The Return. Nightfall,Lisa J. Smith,www.abebooks.com/servlet/BookDetailsPL?bi=31933489688&cm_sp=collections-_-3C9kA5NL78kooPQ4zBGVyl_item_1_27-_-bdp
Chosen at Nightfall,C.C. Hunter,www.abebooks.com/servlet/BookDetailsPL?bi=32385716935&cm_sp=collections-_-3C9kA5NL78kooPQ4zBGVyl_item_1_28-_-bdp
The Short Second Life of Bree Tanner,Stephenie Meyer,www.abebooks.com/servlet/BookDetailsPL?bi=32383593938&cm_sp=collections-_-3C9kA5NL78kooPQ4zBGVyl_item_1_29-_-bdp
My roommate is a vampire,Jenna Levine,www.abebooks.com/servlet/BookDetailsPL?bi=32149287966&cm_sp=collections-_-3C9kA5NL78kooPQ4zBGVyl_item_1_30-_-bdp
Turn Coat,Jim Butcher,www.abebooks.com/servlet/BookDetailsPL?bi=32373488031&cm_sp=collections-_-3C9kA5NL78kooPQ4zBGVyl_item_1_31-_-bdp
From Dead to Worse,Charlaine Harris,www.abebooks.com/servlet/BookDetailsPL?bi=31950614849&cm_sp=collections-_-3C9kA5NL78kooPQ4zBGVyl_item_1_32-_-bdp
Carry On,Rainbow Rowell,www.abebooks.com/servlet/BookDetailsPL?bi=32283684671&cm_sp=collections-_-3C9kA5NL78kooPQ4zBGVyl_item_1_33-_-bdp
My roommate is a vampire,Jenna Levine,www.abebooks.com/servlet/BookDetailsPL?bi=32285277650&cm_sp=collections-_-3C9kA5NL78kooPQ4zBGVyl_item_1_34-_-bdp
City of Lost Souls,Cassandra Clare,www.abebooks.com/servlet/BookDetailsPL?bi=31962853169&cm_sp=collections-_-3C9kA5NL78kooPQ4zBGVyl_item_1_35-_-bdp
Dead to the World,Charlaine Harris,www.abebooks.com/servlet/BookDetailsPL?bi=32393268667&cm_sp=collections-_-3C9kA5NL78kooPQ4zBGVyl_item_1_36-_-bdp
Batman: Crimson Mist,Doug Moench,www.abebooks.com/servlet/BookDetailsPL?bi=32382834038&cm_sp=collections-_-3C9kA5NL78kooPQ4zBGVyl_item_1_37-_-bdp
Un lieu incertain,Fred Vargas,www.abebooks.com/servlet/BookDetailsPL?bi=32393948778&cm_sp=collections-_-3C9kA5NL78kooPQ4zBGVyl_item_1_38-_-bdp
From Dead to Worse,Charlaine Harris,www.abebooks.com/servlet/BookDetailsPL?bi=32207742183&cm_sp=collections-_-3C9kA5NL78kooPQ4zBGVyl_item_1_39-_-bdp
Empire V,Viktor Olegovic Pelevin,www.abebooks.com/servlet/BookDetailsPL?bi=32179000414&cm_sp=collections-_-3C9kA5NL78kooPQ4zBGVyl_item_1_40-_-bdp
Marked,Phyllis Christine Cast,www.abebooks.com/servlet/BookDetailsPL?bi=32071167069&cm_sp=collections-_-3C9kA5NL78kooPQ4zBGVyl_item_1_41-_-bdp
NOS4A2 TV Tie-In,Joe Hill,www.abebooks.com/servlet/BookDetailsPL?bi=32401908255&cm_sp=collections-_-3C9kA5NL78kooPQ4zBGVyl_item_1_42-_-bdp
Invincible. Chronicles of Nick,Kinley MacGregor,www.abebooks.com/servlet/BookDetailsPL?bi=32041113899&cm_sp=collections-_-3C9kA5NL78kooPQ4zBGVyl_item_1_43-_-bdp
Vampire Diaries 3-4. The Fury. The Reunion,Lisa J. Smith,www.abebooks.com/servlet/BookDetailsPL?bi=31932621937&cm_sp=collections-_-3C9kA5NL78kooPQ4zBGVyl_item_1_44-_-bdp
Bloodlust and Bonnets,Ms. Emily McGovern,www.abebooks.com/servlet/BookDetailsPL?bi=32261837071&cm_sp=collections-_-3C9kA5NL78kooPQ4zBGVyl_item_1_45-_-bdp
Burned : A house of night novel,Phyllis Christine Cast,www.abebooks.com/servlet/BookDetailsPL?bi=32140608631&cm_sp=collections-_-3C9kA5NL78kooPQ4zBGVyl_item_1_46-_-bdp
Pale Demon,Kim Harrison,www.abebooks.com/servlet/BookDetailsPL?bi=32394329292&cm_sp=collections-_-3C9kA5NL78kooPQ4zBGVyl_item_1_47-_-bdp
Burned : A house of night novel,Phyllis Christine Cast,www.abebooks.com/servlet/BookDetailsPL?bi=32177954477&cm_sp=collections-_-3C9kA5NL78kooPQ4zBGVyl_item_1_48-_-bdp
"Shattered: The Iron Druid Chronicles, Book Seven",Kevin Hearne,www.abebooks.com/servlet/BookDetailsPL?bi=32239817122&cm_sp=collections-_-3C9kA5NL78kooPQ4zBGVyl_item_1_49-_-bdp
Blue Bloods: Bloody Valentine,Melissa De la Cruz,www.abebooks.com/servlet/BookDetailsPL?bi=32401903627&cm_sp=collections-_-3C9kA5NL78kooPQ4zBGVyl_item_1_50-_-bdp
Contract Bound,Elle Mae,www.abebooks.com/servlet/BookDetailsPL?bi=32385407347&cm_sp=collections-_-3C9kA5NL78kooPQ4zBGVyl_item_1_51-_-bdp
Devils of Darkness (Original screenplay for the 1965 film),"Tracy Reed, William Sylvester, Rona Anderson (starring); ...",www.abebooks.com/servlet/BookDetailsPL?bi=31480018797&cm_sp=collections-_-1XDzvos4OMh0hyA1xIxGJ0_item_1_1-_-bdp
Dr. Rocula [They Only Go Out After Dark] (Original screenplay for an unproduced film),Edward Medard (screenwriter),www.abebooks.com/servlet/BookDetailsPL?bi=31442140950&cm_sp=collections-_-1XDzvos4OMh0hyA1xIxGJ0_item_1_2-_-bdp
Blood of Dracula's Castle (Original screenplay for the 1969 film),"Al Adamson (director); John Carradine, Paula Raymond, Ale...",www.abebooks.com/servlet/BookDetailsPL?bi=32248845247&cm_sp=collections-_-1XDzvos4OMh0hyA1xIxGJ0_item_1_3-_-bdp
Nightmare in Blood (Original screenplay for the 1978 film),"Jerry Walter, Barrie Youngfellow, Kerwin Mathews, Dan Cal...",www.abebooks.com/servlet/BookDetailsPL?bi=32305876033&cm_sp=collections-_-1XDzvos4OMh0hyA1xIxGJ0_item_1_4-_-bdp
Beverly Hills Vamp [Vampire] (Original screenplay for the 1989 film),"Britt Ekland, Eddie Deezen, Tim Conway Jr. (starring); Fr...",www.abebooks.com/servlet/BookDetailsPL?bi=32305887591&cm_sp=collections-_-1XDzvos4OMh0hyA1xIxGJ0_item_1_5-_-bdp
Relics of Angels (Original screenplay for an unproduced film),William Sachs (screenwriter),www.abebooks.com/servlet/BookDetailsPL?bi=30581610029&cm_sp=collections-_-1XDzvos4OMh0hyA1xIxGJ0_item_1_6-_-bdp
Vampula (Original screenplay for an unproduced film),Barry Gaines (screenwriter),www.abebooks.com/servlet/BookDetailsPL?bi=31442134750&cm_sp=collections-_-1XDzvos4OMh0hyA1xIxGJ0_item_1_7-_-bdp
Vampire Cinema: The First One Hundred [100] Years (First UK Edition),Christopher Frayling,www.abebooks.com/servlet/BookDetailsPL?bi=32403679034&cm_sp=collections-_-1XDzvos4OMh0hyA1xIxGJ0_item_1_8-_-bdp
"Stolen (Women of the Otherworld, Book 2)",Kelley Armstrong,www.abebooks.com/servlet/BookDetailsPL?bi=30833209013&cm_sp=collections-_-2evOHCbDrv8eivMA1EGALQ_item_1_1-_-bdp
"Dead Until Dark (Sookie Stackhouse/True Blood, Book 1)",Charlaine Harris,www.abebooks.com/servlet/BookDetailsPL?bi=30823483574&cm_sp=collections-_-2evOHCbDrv8eivMA1EGALQ_item_1_2-_-bdp
"Awakened (House of Night, Book 8)","P. C. Cast,Kristin Cast",www.abebooks.com/servlet/BookDetailsPL?bi=30617676313&cm_sp=collections-_-2evOHCbDrv8eivMA1EGALQ_item_1_3-_-bdp
Destined (House of Night Novels),"P. C. Cast,Kristin Cast",www.abebooks.com/servlet/BookDetailsPL?bi=30630042964&cm_sp=collections-_-2evOHCbDrv8eivMA1EGALQ_item_1_4-_-bdp
"Chosen (House of Night, Book 3)","P. C. Cast,Kristin Cast",www.abebooks.com/servlet/BookDetailsPL?bi=32165535121&cm_sp=collections-_-2evOHCbDrv8eivMA1EGALQ_item_1_5-_-bdp
"Untamed (House of Night, Book 4)",P. C. Cast,www.abebooks.com/servlet/BookDetailsPL?bi=30630042966&cm_sp=collections-_-2evOHCbDrv8eivMA1EGALQ_item_1_6-_-bdp
Hunted: A House of Night Novel (House of Night Novels),"P. C. Cast,Kristin Cast",www.abebooks.com/servlet/BookDetailsPL?bi=30630036179&cm_sp=collections-_-2evOHCbDrv8eivMA1EGALQ_item_1_7-_-bdp
"Tempted (House of Night, Book 6)","P. C. Cast,Kristin Cast",www.abebooks.com/servlet/BookDetailsPL?bi=30630042035&cm_sp=collections-_-2evOHCbDrv8eivMA1EGALQ_item_1_8-_-bdp
"Hunted (House of Night, Book 5)","P. C. Cast,Kristin Cast",www.abebooks.com/servlet/BookDetailsPL?bi=30630035241&cm_sp=collections-_-2evOHCbDrv8eivMA1EGALQ_item_1_9-_-bdp
The Palace,Chelsea Quinn Yarbro,www.abebooks.com/servlet/BookDetailsPL?bi=30722888397&cm_sp=collections-_-2evOHCbDrv8eivMA1EGALQ_item_1_10-_-bdp
